"","Price","Age_08_04","Mfg_Year","KM","HP","Met_Color","Automatic","cc","Doors","Gears","Quarterly_Tax","Weight","Mfr_Guarantee","BOVAG_Guarantee","Guarantee_Period","ABS","Airbag_1","Airbag_2","Airco","Automatic_airco","Boardcomputer","CD_Player","Central_Lock","Powered_Windows","Power_Steering","Radio","Mistlamps","Sport_Model","Backseat_Divider","Metallic_Rim","Radio_cassette","Tow_Bar"
"1",13250,32,2002,45725,110,1,0,1600,5,5,85,1075,1,1,3,1,1,1,1,0,1,1,1,1,1,0,0,0,1,0,0,1
"2",12995,32,2002,29198,97,1,0,1400,5,5,85,1060,1,1,3,1,1,1,1,0,1,1,0,1,1,0,0,0,1,1,0,0
"3",13250,41,2001,123425,69,1,0,1900,5,5,185,1140,0,1,3,1,1,1,1,0,0,1,1,1,1,0,0,0,1,0,0,0
"4",11950,37,2001,118217,110,1,0,1600,5,5,85,1075,0,1,3,1,1,1,1,0,1,1,1,1,1,0,0,0,1,0,0,0
"5",11900,44,2001,110000,69,1,0,1900,5,5,185,1095,0,0,6,1,1,0,1,0,0,0,1,1,1,0,0,0,0,0,0,0
"6",9950,42,2001,105699,97,1,0,1400,3,5,69,1025,0,1,3,1,1,1,0,0,1,0,0,0,1,0,0,0,1,0,0,0
"7",11950,39,2001,98823,110,1,0,1600,5,5,197,1119,1,1,3,1,1,1,1,0,1,1,1,0,1,0,0,0,1,0,0,1
"8",11495,44,2001,96829,110,1,0,1600,5,5,85,1075,1,1,3,1,1,1,1,0,1,1,0,0,1,0,0,0,1,1,0,0
"9",11250,40,2001,96518,97,1,0,1400,3,5,69,1025,0,1,12,1,1,0,1,0,0,0,0,0,1,1,0,0,0,0,1,1
"10",10500,42,2001,92204,110,1,0,1600,5,5,85,1075,1,1,3,1,1,1,1,0,1,0,1,1,1,0,0,0,1,0,0,0
"11",10450,35,2001,91456,69,1,0,1900,3,5,185,1110,0,1,3,1,1,1,1,0,1,0,1,1,1,0,1,0,1,0,0,0
"12",12950,43,2001,89968,69,1,0,1900,5,5,185,1140,0,0,3,0,1,1,0,0,0,0,1,1,1,1,0,0,1,1,1,0
"13",11500,44,2001,89757,110,1,0,1600,3,5,69,1045,1,1,3,1,1,1,1,0,1,1,1,1,1,0,1,1,1,1,0,0
"14",12500,40,2001,85389,110,1,0,1600,5,5,85,1075,0,1,3,1,1,1,1,0,1,0,1,1,1,0,0,0,1,0,0,0
"15",10950,43,2001,85017,97,0,0,1400,5,5,85,1060,1,1,3,1,1,1,0,0,1,1,0,0,1,0,0,0,1,0,0,0
"16",11450,41,2001,84312,110,0,0,1600,5,5,85,1080,0,1,3,1,1,1,1,0,1,0,1,1,1,0,1,0,1,0,0,0
"17",11950,37,2001,82743,110,1,0,1600,5,5,197,1121,1,1,3,1,1,1,1,0,1,1,1,1,1,0,1,0,1,0,0,0
"18",13250,41,2001,81106,69,1,0,1900,5,5,185,1140,0,1,3,1,1,1,1,0,1,0,1,0,1,0,0,0,1,0,0,0
"19",11790,34,2001,78677,110,1,1,1600,5,5,85,1105,0,1,3,1,1,1,1,0,1,1,1,1,1,0,0,0,1,0,0,1
"20",11450,40,2001,78425,110,1,0,1600,5,5,85,1075,0,1,3,1,1,1,0,0,1,1,0,0,1,0,0,0,1,0,0,1
"21",10950,33,2001,77321,110,1,0,1600,5,5,85,1075,0,1,3,1,1,1,1,0,1,0,1,1,1,0,0,0,1,0,0,0
"22",13500,33,2001,75699,69,0,0,1900,3,5,185,1105,1,1,3,1,1,1,1,0,1,0,1,1,1,1,0,0,1,0,1,0
"23",10950,41,2001,75697,97,1,0,1400,3,5,69,1025,1,1,3,1,1,1,0,0,1,0,0,0,1,0,0,0,1,0,0,0
"24",10950,44,2001,74846,97,1,0,1400,3,5,69,1025,1,1,3,1,1,1,0,0,1,0,1,0,1,0,0,0,1,1,0,0
"25",12950,38,2001,74319,110,1,0,1600,5,5,85,1075,1,1,3,1,1,1,1,0,1,1,1,1,1,0,0,0,1,0,0,1
"26",11950,43,2001,74285,110,1,0,1600,5,5,85,1075,0,1,6,0,1,0,0,0,0,0,0,0,1,1,0,0,0,0,1,1
"27",11950,40,2001,73042,110,1,0,1598,5,5,85,1075,1,1,3,1,1,1,1,0,0,1,1,1,1,0,0,0,1,0,0,1
"28",12450,35,2001,71200,110,1,0,1600,5,5,85,1075,0,1,3,1,1,1,1,0,0,1,0,1,1,0,0,0,1,0,0,0
"29",12950,38,2001,67805,110,1,0,1600,5,5,85,1075,1,1,3,1,1,1,1,0,1,1,0,0,1,0,0,0,1,0,0,0
"30",11950,35,2001,65988,110,1,0,1600,3,5,69,1040,1,1,3,1,1,1,0,0,1,0,0,0,1,1,0,0,1,0,1,0
"31",11690,34,2001,65345,97,1,0,1400,5,5,85,1060,1,1,3,1,1,1,1,0,1,1,1,1,1,0,0,0,1,0,0,1
"32",12450,42,2001,64564,110,1,0,1600,5,5,85,1080,1,1,3,1,1,1,1,0,1,1,1,1,1,0,1,0,1,0,0,0
"33",12750,36,2001,63459,97,1,0,1400,5,5,85,1060,1,1,3,1,1,1,1,0,1,1,1,1,1,0,0,0,1,1,0,0
"34",11925,44,2001,63451,97,0,0,1400,3,5,69,1025,1,1,3,1,1,1,0,0,1,0,0,0,1,0,0,0,1,0,0,0
"35",12950,33,2001,62000,110,1,0,1600,5,5,19,1075,1,0,12,1,1,0,1,0,0,0,1,1,1,1,0,0,0,0,1,0
"36",11950,42,2001,61300,97,1,0,1400,3,5,69,1030,1,1,3,1,1,1,1,0,1,1,1,1,1,0,1,0,1,0,0,0
"37",12900,41,2001,61200,110,1,0,1600,3,5,69,1045,1,1,3,1,1,1,1,0,1,1,1,1,1,0,1,0,1,1,0,0
"38",11900,41,2001,61000,110,0,0,1600,5,5,85,1075,0,1,3,1,1,1,0,0,0,0,0,0,1,0,0,0,1,0,0,0
"39",11650,38,2001,60829,110,1,0,1600,5,5,85,1075,1,1,3,1,1,1,0,0,1,0,0,0,1,0,0,0,1,0,0,0
"40",10950,44,2001,60500,110,0,0,1600,5,5,85,1075,1,1,12,0,0,0,0,0,0,0,0,0,0,0,0,0,0,0,1,0
"41",13950,35,2001,59500,69,1,0,1900,3,5,64,1110,1,0,12,1,1,0,1,0,0,0,1,1,1,1,0,0,0,0,1,0
"42",13950,44,2001,59000,110,0,1,1600,5,5,85,1110,0,1,3,1,1,1,1,0,1,0,1,1,1,0,1,0,1,0,0,0
"43",11950,40,2001,58954,110,1,0,1600,5,5,85,1080,0,1,12,1,1,0,1,0,0,0,1,1,1,1,0,0,0,0,1,0
"44",10950,38,2001,58798,110,1,0,1600,5,5,85,1075,1,1,3,1,1,1,0,0,1,0,0,0,1,0,0,0,1,0,0,0
"45",12450,38,2001,58363,110,1,0,1600,3,5,85,1055,0,1,3,1,1,1,1,0,1,1,1,1,1,0,1,1,1,1,0,0
"46",11950,43,2001,58277,110,1,0,1600,3,5,69,1045,0,1,3,1,1,1,1,0,1,0,1,1,1,0,1,0,1,0,0,0
"47",11690,33,2001,57269,110,1,0,1600,5,5,85,1075,1,1,3,1,1,1,1,0,1,0,1,1,1,1,0,0,1,0,1,0
"48",13500,39,2001,56001,110,1,0,1600,5,5,85,1075,1,1,3,1,1,1,1,0,1,0,1,1,1,0,0,0,1,0,0,1
"49",11950,42,2001,55968,110,0,0,1600,3,5,69,1050,1,1,3,1,1,1,1,0,0,0,0,0,1,0,0,1,1,0,0,0
"50",12900,39,2001,55678,110,1,0,1600,4,5,69,1030,1,1,3,1,1,1,1,0,1,1,1,1,1,0,0,0,1,1,0,1
"51",13500,43,2001,55539,110,1,0,1600,5,5,85,1085,1,1,3,1,1,1,1,0,0,0,0,0,1,1,0,1,1,0,1,0
"52",11750,42,2001,55400,110,0,0,1600,5,5,85,1075,1,1,3,0,1,0,0,0,0,1,0,0,1,0,0,0,1,0,0,1
"53",11750,33,2001,55350,110,0,0,1600,5,5,85,1075,1,1,3,1,1,1,1,0,1,1,1,0,1,0,0,0,1,0,0,0
"54",10850,43,2001,54600,110,0,0,1600,4,5,69,1030,1,1,3,1,1,1,1,0,0,0,0,0,1,0,0,0,1,0,0,0
"55",11750,43,2001,53773,110,1,0,1600,5,5,85,1075,1,1,3,1,1,1,0,0,0,0,0,0,1,1,0,0,1,0,1,1
"56",9940,39,2001,53644,110,1,0,1600,5,5,19,1075,0,0,3,1,1,1,0,0,0,0,0,0,1,0,0,0,0,0,0,0
"57",12900,42,2001,53350,110,0,0,1600,5,5,85,1075,1,1,12,1,1,0,0,0,0,0,0,0,1,1,0,0,0,0,1,0
"58",13500,38,2001,53000,110,1,0,1600,5,5,85,1075,0,1,6,1,1,0,1,0,0,0,1,1,1,1,0,0,0,0,1,0
"59",11750,44,2001,52084,97,1,0,1400,3,5,69,1025,1,1,3,1,1,1,1,0,1,0,0,0,1,0,0,0,1,1,0,0
"60",11950,44,2001,52000,97,0,0,1400,3,5,69,1025,0,1,3,1,1,1,0,0,1,0,0,0,1,0,0,0,1,0,0,0
"61",13450,33,2001,51945,110,1,0,1600,5,5,85,1075,0,1,3,1,1,1,1,0,1,1,1,1,1,0,0,0,1,0,0,0
"62",11950,41,2001,51732,97,1,0,1400,3,5,69,1025,0,1,3,1,1,1,0,0,1,1,0,0,1,0,0,0,1,0,0,0
"63",12495,39,2001,50873,110,1,0,1600,5,5,85,1075,1,1,3,1,1,1,0,0,1,1,0,0,1,0,0,0,1,0,0,0
"64",13500,41,2001,50856,110,0,0,1600,4,5,69,1030,0,1,12,1,1,0,1,0,0,0,1,1,1,1,0,0,0,0,1,1
"65",12750,40,2001,50640,110,1,0,1600,5,5,85,1075,0,1,3,1,1,1,0,0,1,1,0,0,1,0,0,0,1,0,0,0
"66",12000,39,2001,50000,97,1,0,1400,5,5,85,1060,0,0,3,1,1,1,1,0,1,0,1,1,1,0,0,0,1,0,0,0
"67",11950,38,2001,49500,110,1,0,1600,5,5,85,1075,1,1,3,1,1,1,1,0,1,0,1,1,1,0,0,0,1,0,0,1
"68",12495,44,2001,49332,110,1,0,1600,5,5,85,1080,1,1,3,1,1,1,1,0,1,1,1,1,1,0,1,0,1,0,0,0
"69",12450,34,2001,49291,110,1,0,1600,3,5,69,1040,1,1,3,1,1,1,1,0,1,0,0,0,1,0,0,0,1,0,0,0
"70",10950,39,2001,48945,110,0,0,1600,3,5,69,1040,0,1,3,1,1,1,1,0,1,1,0,1,1,0,0,0,1,0,0,1
"71",13500,33,2001,48928,69,1,0,1900,3,5,185,1105,1,1,3,1,1,1,1,0,0,0,0,0,1,1,0,0,1,0,1,0
"72",12950,38,2001,48197,110,1,0,1600,5,5,85,1075,1,1,3,1,1,1,0,0,1,0,0,0,1,0,0,0,1,0,0,0
"73",13500,35,2001,48052,69,1,0,1900,3,5,185,1105,1,1,3,1,1,1,1,0,1,0,0,0,1,0,0,0,1,0,0,0
"74",13450,34,2001,48011,110,1,0,1600,4,5,69,1030,1,1,3,1,1,1,1,0,1,0,0,1,1,0,0,0,1,0,0,0
"75",13500,43,2001,48000,110,1,0,1600,5,5,85,1075,0,0,6,1,1,0,0,0,0,0,0,0,1,0,0,0,0,0,0,1
"76",11480,41,2001,47350,110,1,0,1600,5,5,85,1075,1,1,3,1,1,1,0,0,1,0,0,0,1,1,0,0,1,0,1,1
"77",13450,39,2001,46821,97,1,0,1400,5,5,85,1060,1,1,3,1,1,1,1,0,1,1,1,1,1,0,0,0,1,0,0,1
"78",11495,39,2001,46694,110,0,0,1600,3,5,69,1040,1,1,3,1,1,1,0,0,0,1,0,0,1,0,0,0,1,1,0,0
"79",12750,43,2001,46515,97,0,0,1400,5,5,69,1025,0,0,12,1,1,0,1,0,0,0,0,0,1,1,0,0,0,0,1,0
"80",12950,35,2001,46304,97,1,0,1400,5,5,85,1060,1,1,3,1,1,1,1,0,1,0,1,1,1,0,0,0,1,0,0,0
"81",12950,40,2001,45886,110,1,0,1600,5,5,85,1080,1,1,3,1,1,1,1,0,1,0,1,1,1,0,1,0,1,0,0,1
"82",12850,39,2001,45713,97,1,0,1400,5,5,19,1085,0,1,6,1,1,0,1,0,0,1,1,1,1,0,0,0,0,0,0,0
"83",13950,40,2001,45600,110,1,1,1600,5,5,85,1105,0,1,3,1,1,1,1,0,1,0,1,1,1,0,0,0,1,0,0,1
"84",11950,41,2001,45287,110,1,0,1600,5,5,85,1075,0,1,3,1,1,1,0,0,1,1,0,0,1,0,0,0,1,0,0,1
"85",12950,39,2001,45081,110,1,0,1600,5,5,85,1075,1,1,3,1,1,1,1,0,1,1,1,1,1,0,1,0,1,0,0,0
"86",11700,40,2001,44830,110,1,0,1600,5,5,85,1075,0,1,3,1,1,1,1,0,0,1,0,0,1,0,0,0,1,0,0,1
"87",9950,37,2001,44757,97,0,0,1400,3,5,69,1025,0,1,3,1,1,1,1,0,1,0,0,0,1,0,0,0,1,0,0,0
"88",11895,44,2001,44218,97,1,0,1400,5,5,85,1060,1,1,3,1,1,1,0,0,0,1,0,0,1,0,0,0,1,1,0,1
"89",12950,43,2001,43632,110,1,0,1600,5,5,85,1075,0,1,3,1,1,1,0,0,1,0,1,0,1,0,0,0,1,0,0,1
"90",12500,36,2001,43427,110,1,0,1600,3,5,69,1040,1,1,3,1,1,1,0,0,1,1,1,1,1,0,0,0,1,1,0,0
"91",13875,39,2001,43254,110,1,0,1600,5,5,85,1075,1,1,3,1,1,1,1,0,0,1,1,1,1,0,0,0,1,0,0,0
"92",10500,35,2001,43000,110,0,0,1600,3,5,69,1050,0,1,3,1,1,1,0,0,0,1,1,0,1,0,0,1,1,1,0,0
"93",12295,33,2001,42823,110,1,0,1600,5,5,85,1075,1,1,3,1,1,1,1,0,1,0,1,1,1,0,0,0,1,0,0,0
"94",13950,42,2001,42560,110,1,0,1600,5,5,85,1080,1,1,3,1,1,1,1,0,1,1,1,1,1,0,1,0,1,0,0,0
"95",10950,38,2001,41754,110,0,0,1600,3,5,69,1040,0,1,3,1,1,1,0,0,1,0,0,0,1,0,0,0,1,0,0,0
"96",12950,44,2001,41499,110,1,0,1600,5,5,197,1103,1,1,3,1,1,1,0,0,0,0,0,0,1,0,0,0,1,0,0,0
"97",12850,40,2001,41339,110,1,0,1600,5,5,85,1080,1,1,3,1,1,1,1,0,1,1,1,1,1,0,1,0,1,0,0,1
"98",13995,35,2001,41000,110,1,0,1600,5,5,85,1075,1,1,3,1,1,1,1,0,1,1,1,1,1,0,0,0,1,0,0,0
"99",13750,39,2001,40000,110,1,0,1600,3,5,85,1055,0,1,3,1,1,1,1,0,1,0,1,1,1,0,1,0,1,1,0,1
"100",12750,37,2001,39757,110,1,0,1600,5,5,85,1075,1,1,3,1,1,1,1,0,1,1,1,1,1,0,0,0,1,0,0,1
"101",12500,41,2001,39659,110,1,0,1600,3,5,69,1045,1,1,3,1,1,1,1,0,1,0,1,1,1,0,1,0,1,0,0,0
"102",13950,43,2001,39650,110,0,0,1600,3,5,85,1055,0,1,3,1,1,1,0,0,1,0,1,1,1,0,1,0,1,1,0,0
"103",11500,39,2001,39524,97,1,0,1398,3,5,69,1025,1,1,3,1,1,0,1,0,0,1,1,0,1,0,0,0,1,0,0,0
"104",13950,44,2001,39516,97,1,0,1400,5,5,85,1060,1,1,3,1,1,1,0,0,1,1,1,0,1,0,0,0,1,0,0,1
"105",11895,41,2001,39439,97,0,0,1400,5,5,85,1060,1,1,3,1,1,1,0,0,1,0,0,0,1,0,0,0,1,0,0,0
"106",9950,44,2001,39000,97,1,0,1400,3,5,69,1025,0,1,3,1,1,1,0,0,1,0,1,0,1,1,0,0,1,1,1,1
"107",13500,42,2001,38932,110,1,0,1600,3,5,69,1040,0,1,12,1,1,0,0,0,0,0,1,1,0,0,0,0,0,0,0,1
"108",11450,37,2001,38812,97,0,0,1400,3,5,69,1025,1,1,3,1,1,1,1,0,1,1,1,1,1,0,0,1,1,0,0,0
"109",12450,42,2001,38665,110,1,0,1600,5,5,85,1075,1,1,3,1,1,1,1,0,1,0,1,1,1,0,0,0,1,1,0,0
"110",12950,40,2001,38653,110,1,0,1600,5,5,85,1080,1,1,3,1,1,1,1,0,1,1,1,1,1,0,1,0,1,0,0,0
"111",13995,44,2001,38461,110,1,0,1600,5,5,85,1080,1,1,3,1,1,1,1,0,1,1,1,1,1,0,1,0,1,0,0,1
"112",11750,42,2001,38078,97,0,0,1400,3,5,69,1025,0,1,3,1,1,1,0,0,0,0,0,0,1,0,0,0,1,0,0,0
"113",11650,39,2001,37782,97,1,0,1400,5,5,85,1060,0,1,3,1,1,1,1,0,1,0,1,1,1,0,0,0,1,0,0,0
"114",9950,43,2001,37576,97,0,0,1400,3,5,69,1030,0,1,3,1,1,1,1,0,1,0,1,1,1,0,1,0,1,0,0,0
"115",13950,41,2001,37533,110,1,0,1600,5,5,85,1075,0,1,3,1,1,1,1,0,1,0,1,1,1,0,0,0,1,0,0,0
"116",12950,44,2001,37389,110,1,0,1600,5,5,85,1080,1,1,3,1,1,1,1,0,1,1,1,1,1,0,1,0,1,0,0,1
"117",10950,38,2001,37320,97,1,0,1400,3,5,69,1025,0,1,3,1,1,1,1,0,1,1,0,0,1,1,0,0,1,0,1,0
"118",9900,42,2001,37000,97,1,0,1400,3,5,69,1025,1,1,3,1,1,1,0,0,1,0,0,0,1,0,0,0,1,0,0,0
"119",11950,44,2001,37000,110,0,0,1600,4,5,19,1075,0,1,3,1,1,0,0,0,0,0,0,0,1,0,0,0,0,0,0,0
"120",11990,40,2001,36566,110,0,0,1600,5,5,85,1090,1,1,3,1,1,1,1,0,1,1,1,1,1,0,1,1,1,1,0,0
"121",10750,36,2001,36269,110,1,0,1600,5,5,85,1075,0,1,3,1,1,1,1,0,1,1,1,1,1,0,0,0,1,0,0,1
"122",13950,37,2001,36074,110,1,1,1600,5,5,19,1075,0,1,12,1,1,0,1,0,0,0,1,1,1,1,0,0,0,0,1,0
"123",11250,44,2001,36066,110,1,0,1600,3,5,69,1040,1,1,3,1,1,1,0,0,1,0,0,0,1,1,0,0,1,0,1,1
"124",12950,39,2001,34599,110,1,0,1600,5,5,85,1075,0,1,3,1,1,1,1,0,1,0,1,1,1,0,0,0,1,0,0,1
"125",11950,41,2001,34000,110,1,0,1600,5,5,85,1075,0,1,3,1,1,1,1,0,1,1,1,0,1,0,0,0,1,0,0,1
"126",10950,42,2001,33623,97,1,0,1400,3,5,69,1025,0,1,3,1,1,1,0,0,1,1,0,0,1,0,0,0,1,0,0,0
"127",12950,33,2001,33591,110,1,0,1600,5,5,85,1075,0,1,3,1,1,1,1,0,1,0,1,1,1,0,0,0,1,0,0,0
"128",12950,35,2001,33258,110,1,0,1600,5,5,85,1075,1,1,3,1,1,1,1,0,1,1,1,1,1,1,0,0,1,0,1,1
"129",11695,43,2001,33113,110,1,0,1600,5,5,85,1075,1,1,3,1,1,1,0,0,1,1,0,0,1,0,0,0,1,0,0,0
"130",11000,41,2001,33000,110,1,1,1600,5,6,19,1075,0,0,3,1,1,0,1,0,0,0,1,1,1,1,0,0,0,0,1,0
"131",13950,35,2001,32941,110,1,0,1600,5,5,85,1080,1,1,3,1,1,1,1,0,1,1,1,1,1,0,1,0,1,0,0,0
"132",11950,38,2001,32781,110,0,0,1600,5,5,85,1075,1,1,3,1,1,1,1,0,1,1,0,0,1,0,0,0,1,0,0,0
"133",11750,40,2001,32532,110,1,0,1600,3,5,69,1040,1,1,3,1,1,1,0,0,1,1,0,0,1,0,0,0,1,0,0,0
"134",12400,34,2001,32431,97,1,0,1400,5,5,85,1060,1,1,3,1,1,1,1,0,1,1,1,1,1,0,0,0,1,0,0,0
"135",12500,35,2001,32000,110,0,0,1600,3,5,69,1040,0,1,3,1,1,1,0,0,1,0,0,0,1,0,0,0,1,0,0,0
"136",12900,33,2001,31000,110,1,0,1600,5,5,19,1075,0,1,6,1,1,0,1,0,1,0,1,1,1,0,0,0,0,1,0,0
"137",12200,41,2001,30989,110,0,0,1600,3,5,69,1045,0,1,3,1,1,1,1,0,1,1,1,1,1,0,1,0,1,0,0,0
"138",12750,43,2001,30742,110,1,0,1600,3,5,69,1040,1,1,3,1,1,1,1,0,1,1,1,1,1,0,0,0,1,0,0,0
"139",11950,42,2001,30190,110,1,0,1600,5,5,85,1075,1,1,3,1,1,1,0,0,1,0,0,0,1,0,0,0,1,0,0,1
"140",11900,41,2001,29716,116,1,0,1600,5,5,85,1075,0,1,3,1,1,0,0,0,0,1,0,0,1,0,0,0,0,0,0,1
"141",11950,44,2001,29716,110,1,1,1600,3,5,85,1070,1,1,3,1,1,1,1,0,0,0,0,0,1,1,0,0,1,0,1,0
"142",11950,41,2001,29056,97,1,0,1400,5,5,85,1060,1,1,3,1,1,1,1,0,1,1,1,1,1,0,0,0,1,0,0,1
"143",12950,33,2001,28715,110,1,0,1600,5,5,85,1075,1,1,3,1,1,1,1,0,0,0,1,1,1,0,0,0,1,0,0,1
"144",13450,40,2001,28362,110,1,0,1600,3,5,69,1040,0,1,3,1,1,1,1,0,1,1,1,1,1,0,0,0,1,1,0,1
"145",13750,38,2001,28150,110,1,0,1600,5,5,85,1075,0,1,3,1,1,1,1,0,0,0,1,1,1,0,0,0,1,0,0,1
"146",12950,43,2001,27301,110,1,0,1600,3,5,69,1040,1,1,3,1,1,1,0,0,1,1,0,0,1,0,0,0,1,0,0,1
"147",12750,33,2001,27240,110,1,0,1600,5,5,85,1075,0,0,12,1,1,0,1,0,0,0,1,1,1,1,0,0,0,0,1,0
"148",11895,39,2001,27170,97,1,0,1400,5,5,85,1060,1,1,3,1,1,1,0,0,0,0,0,0,1,0,0,0,1,1,0,0
"149",9950,42,2001,27141,97,1,0,1400,5,5,85,1060,1,1,3,1,1,1,0,0,1,0,0,0,1,0,0,0,1,0,0,0
"150",12450,38,2001,26262,110,1,0,1600,5,5,85,1075,0,1,3,1,1,1,1,0,1,1,1,1,1,0,0,0,1,0,0,0
"151",12500,38,2001,26000,97,1,0,1400,5,5,85,1060,1,1,3,1,1,1,1,0,1,0,1,1,1,0,0,0,1,0,0,0
"152",13750,39,2001,25062,110,1,0,1600,5,5,85,1080,1,1,3,1,1,1,1,0,0,0,1,1,1,0,1,0,1,0,0,1
"153",12695,39,2001,24723,110,1,1,1600,4,5,85,1060,1,1,3,1,1,1,0,0,0,1,0,0,1,0,0,0,1,0,0,0
"154",12750,43,2001,24553,110,1,0,1600,5,5,85,1080,1,1,3,1,1,1,1,0,1,0,1,1,1,1,1,0,1,0,1,0
"155",12950,39,2001,24444,110,1,0,1600,3,5,69,1040,1,1,3,1,1,1,0,0,1,0,0,0,1,1,0,0,1,0,1,1
"156",11500,35,2001,24011,97,0,0,1400,3,5,69,1025,1,1,3,0,1,1,0,0,0,0,0,0,1,0,0,0,1,0,0,0
"157",11950,41,2001,24000,97,1,0,1400,3,5,69,1025,0,1,3,1,1,1,0,0,1,1,0,0,1,0,0,0,1,0,0,0
"158",13450,40,2001,23616,110,1,0,1600,5,5,85,1075,0,1,3,1,1,1,1,0,1,0,1,1,1,0,0,0,1,0,0,0
"159",12900,38,2001,22865,110,1,0,1600,5,5,85,1075,1,1,3,1,1,1,1,0,1,1,1,1,1,0,0,0,1,0,0,0
"160",10500,41,2001,22780,86,1,0,1300,5,5,69,1035,1,1,3,1,1,1,0,0,1,0,1,0,1,1,1,1,1,1,1,0
"161",10950,35,2001,21904,97,0,0,1400,3,5,69,1025,0,1,3,1,1,1,0,0,1,0,0,0,1,0,0,0,1,0,0,0
"162",11950,41,2001,21651,97,0,0,1400,3,5,69,1025,1,1,3,1,1,1,0,0,1,0,0,0,1,0,0,0,1,0,0,0
"163",11450,37,2001,21500,110,1,0,1600,5,5,69,1030,1,0,12,1,1,0,0,0,0,0,1,0,1,0,0,0,0,0,0,1
"164",13250,44,2001,21027,110,1,0,1600,5,5,85,1080,1,1,3,1,1,1,1,0,1,1,1,1,1,0,1,0,1,0,0,1
"165",10250,39,2001,18500,110,0,0,1600,4,5,69,1030,0,0,3,1,1,1,1,0,1,0,0,0,1,0,0,0,1,0,0,0
"166",13995,35,2001,18000,110,1,0,1600,5,5,85,1075,1,1,3,1,1,1,1,0,1,0,1,1,1,0,0,0,1,0,0,1
"167",11950,40,2001,17051,97,0,0,1400,5,5,85,1060,1,1,3,1,1,1,0,0,1,0,0,0,1,0,0,0,1,0,0,0
"168",13250,33,2001,16512,97,1,0,1400,5,5,19,1085,0,1,3,1,1,0,1,0,0,1,1,1,1,0,0,0,0,0,0,0
"169",12950,40,2001,16325,110,1,0,1600,5,5,85,1080,0,1,3,1,1,1,1,0,1,1,1,1,1,0,1,0,1,0,0,0
"170",11750,38,2001,16000,97,1,0,1400,5,5,85,1060,0,1,3,1,1,1,1,0,1,1,1,1,1,0,0,0,1,0,0,0
"171",11500,39,2001,12000,110,1,0,1600,5,5,85,1075,0,0,12,1,1,0,0,0,0,0,0,0,1,0,0,0,0,0,0,0
"172",13500,43,2001,10000,97,1,0,1400,5,5,85,1060,0,0,6,1,1,0,0,0,0,0,0,0,1,1,0,0,0,0,1,0
"173",9950,50,2000,126110,110,0,0,1600,3,5,85,1055,0,1,3,1,1,1,0,0,1,0,1,1,1,0,1,0,1,1,0,0
"174",9000,48,2000,119742,110,1,0,1600,5,5,85,1080,0,1,3,1,1,1,1,0,1,1,1,1,1,1,1,0,1,1,1,0
"175",9950,53,2000,117913,69,1,0,1900,5,5,64,1110,0,1,3,1,1,0,1,0,0,1,1,1,1,0,1,0,0,1,0,0
"176",10500,55,2000,117175,110,1,0,1600,4,5,69,1035,1,1,3,1,1,1,1,0,1,0,1,0,1,0,1,0,1,0,0,0
"177",10750,54,2000,115558,110,1,0,1600,4,5,69,1035,1,1,3,1,1,1,1,0,0,0,1,1,1,1,1,0,1,0,1,1
"178",8950,53,2000,115113,97,1,0,1400,3,5,69,1025,1,1,3,1,1,1,0,0,1,1,0,0,1,0,0,0,1,0,0,1
"179",10500,54,2000,115046,69,1,0,1900,5,5,185,1140,0,1,3,1,1,1,1,0,1,1,1,0,1,0,0,0,1,0,0,0
"180",10950,49,2000,107859,97,0,0,1400,5,5,85,1060,1,1,3,1,1,1,0,0,1,0,0,0,1,0,0,0,1,0,0,0
"181",9450,52,2000,104805,97,1,0,1400,3,5,69,1025,1,1,3,1,1,1,1,0,1,1,0,0,1,0,0,0,1,0,0,0
"182",9950,54,2000,103454,110,1,0,1600,5,5,85,1075,1,1,3,1,1,1,1,0,0,0,1,1,1,0,1,0,1,1,0,0
"183",10950,51,2000,103018,69,0,0,1900,5,5,185,1140,0,1,3,1,1,1,0,0,1,0,0,0,1,0,0,0,1,0,0,1
"184",11900,47,2000,102352,110,1,0,1600,5,5,85,1080,1,1,3,1,1,1,1,0,0,0,1,1,1,0,1,0,1,0,0,1
"185",9950,50,2000,102030,97,1,0,1400,5,5,85,1060,1,1,3,1,1,1,1,0,1,0,1,1,1,0,0,0,1,0,0,0
"186",11950,54,2000,101352,110,0,0,1600,5,5,85,1080,1,1,3,1,1,1,1,0,0,0,1,1,1,0,1,0,1,0,0,0
"187",7900,50,2000,99865,110,1,0,1600,4,5,69,1035,0,1,3,1,1,0,0,0,0,0,0,0,1,0,0,0,0,0,0,0
"188",10950,52,2000,99323,110,1,0,1600,3,5,85,1055,1,1,3,1,1,1,1,0,1,1,1,1,1,0,1,0,1,1,0,0
"189",8950,48,2000,98100,69,1,0,1900,5,5,185,1140,0,1,3,1,1,1,1,0,1,0,0,0,1,0,0,0,1,0,0,0
"190",11950,51,2000,98040,110,0,0,1600,5,5,85,1080,1,1,3,1,1,1,0,0,1,0,0,0,1,0,0,0,1,0,0,0
"191",10900,49,2000,97600,110,1,0,1600,3,5,69,1045,0,1,6,1,0,0,1,0,0,0,1,1,1,1,0,0,0,0,1,1
"192",9950,55,2000,97234,110,0,0,1600,5,5,85,1080,0,1,3,1,1,1,1,0,1,0,1,1,1,0,1,0,1,0,0,0
"193",10950,54,2000,96100,110,1,0,1600,5,5,85,1080,1,1,3,1,1,1,1,0,1,0,1,1,1,0,1,0,1,0,0,0
"194",8950,55,2000,94122,86,1,0,1300,3,5,69,1015,0,1,3,1,1,1,0,0,0,0,1,1,1,0,0,1,1,0,0,1
"195",10500,49,2000,91340,110,1,0,1600,3,5,85,1055,1,1,3,1,1,1,1,0,1,0,1,1,1,0,1,0,1,1,0,1
"196",8950,53,2000,90200,97,0,0,1400,3,5,69,1025,0,1,3,1,1,1,0,0,0,1,0,0,1,0,0,0,1,1,0,0
"197",9250,53,2000,90097,69,1,0,1900,5,5,185,1140,1,1,3,1,1,1,0,0,1,0,0,0,1,1,0,0,1,0,1,1
"198",11500,48,2000,89049,97,1,0,1400,5,5,85,1060,0,1,12,1,1,0,1,0,0,0,0,0,1,1,0,0,0,0,1,0
"199",9750,52,2000,89000,110,0,0,1600,5,5,85,1075,0,0,3,1,1,1,0,0,1,0,0,0,1,0,0,0,1,0,0,0
"200",9950,45,2000,87274,110,1,0,1600,3,5,69,1040,1,1,3,1,1,1,0,0,1,0,1,1,1,0,0,0,1,0,0,0
"201",11450,49,2000,86221,110,0,0,1600,3,5,69,1045,1,1,3,1,1,1,1,0,0,0,1,1,1,0,1,0,1,0,0,0
"202",12500,54,2000,84598,110,0,0,1600,5,5,19,1075,0,1,6,1,1,0,1,0,0,0,1,1,1,1,0,0,0,0,1,1
"203",10500,50,2000,83567,110,0,0,1600,5,5,85,1075,0,1,3,1,1,1,0,0,1,1,0,0,1,0,0,0,1,0,0,1
"204",12950,50,2000,83106,110,1,0,1600,5,5,85,1075,1,1,3,1,1,1,1,0,1,1,0,0,1,0,0,0,1,0,0,1
"205",12200,50,2000,82805,110,1,0,1600,3,5,69,1040,1,1,3,1,1,1,1,0,0,1,0,0,1,0,0,0,1,0,0,0
"206",10950,50,2000,82735,97,1,0,1400,3,5,69,1030,1,1,3,1,1,1,1,0,1,1,1,1,1,0,1,0,1,1,0,0
"207",10950,54,2000,81905,110,1,0,1600,5,5,19,1105,0,1,6,1,1,0,1,0,0,1,1,1,1,0,1,0,0,0,0,0
"208",11290,49,2000,80320,110,1,1,1600,3,5,85,1070,1,1,3,1,1,1,0,0,1,0,0,0,1,1,0,0,1,0,1,1
"209",10750,49,2000,80090,97,1,0,1400,3,5,69,1030,0,1,6,1,1,0,1,0,0,0,1,1,1,1,0,0,0,0,1,0
"210",10895,53,2000,79800,110,0,0,1600,5,5,85,1075,1,1,3,1,1,1,0,0,1,0,0,0,1,0,0,0,1,0,0,0
"211",11500,47,2000,78785,110,1,0,1600,5,5,197,1119,1,1,3,1,1,1,0,0,0,0,0,0,1,1,0,0,1,0,1,1
"212",9750,48,2000,78600,110,1,0,1600,5,5,85,1075,0,1,3,1,1,1,0,0,1,0,1,1,1,1,0,0,1,0,1,0
"213",10250,55,2000,77780,110,0,0,1600,3,5,69,1040,0,1,3,1,1,1,0,0,0,0,0,0,1,0,0,0,1,0,0,1
"214",12500,49,2000,77648,110,0,0,1600,4,5,69,1030,1,1,3,1,1,1,0,0,0,1,1,0,1,0,0,0,1,0,0,0
"215",11950,54,2000,77270,110,1,0,1600,4,5,69,1035,1,1,3,1,1,1,1,0,0,1,1,1,1,0,0,0,1,0,0,0
"216",10750,50,2000,76167,97,1,0,1400,5,5,85,1060,1,1,3,1,1,1,1,0,1,0,0,0,1,0,0,0,1,0,0,0
"217",11450,46,2000,75249,110,1,0,1600,4,5,69,1035,1,1,3,1,1,1,1,0,1,1,0,1,1,0,0,0,1,0,0,0
"218",11950,54,2000,75231,110,1,0,1600,5,5,85,1080,1,1,3,1,1,1,1,0,1,0,1,1,1,0,1,0,1,0,0,0
"219",11750,48,2000,75045,110,1,0,1600,3,6,85,1055,0,0,6,1,1,0,1,0,0,0,1,1,1,1,0,0,0,1,1,0
"220",10950,50,2000,74849,110,1,1,1600,4,5,85,1060,1,1,3,1,1,1,0,0,0,0,0,1,1,0,0,0,1,0,0,0
"221",11950,55,2000,74715,110,1,0,1600,5,5,85,1080,1,1,3,1,1,1,1,0,1,1,1,1,1,0,1,0,1,0,0,0
"222",10995,49,2000,74656,69,0,0,1900,3,5,185,1105,1,1,3,1,1,1,0,0,0,0,0,0,1,1,0,0,1,0,1,0
"223",11450,56,2000,74500,97,0,0,1400,3,5,69,1025,0,1,3,1,1,1,0,0,1,0,0,0,1,0,0,0,1,0,0,0
"224",8900,49,2000,74494,110,1,0,1600,5,5,85,1075,1,1,3,1,1,1,0,0,0,1,0,0,1,0,0,0,1,0,0,1
"225",10500,50,2000,73634,110,0,0,1587,5,5,85,1075,0,0,6,1,1,1,0,0,0,0,1,1,1,0,1,0,0,0,0,0
"226",11750,47,2000,73403,110,1,0,1600,5,5,85,1075,1,1,3,1,1,1,0,0,1,0,1,1,1,0,0,0,1,0,0,0
"227",11450,49,2000,73175,97,1,0,1400,3,5,69,1030,1,1,3,1,1,1,1,0,1,1,1,1,1,0,1,0,1,0,0,0
"228",12000,52,2000,73000,110,0,0,1600,3,5,85,1055,0,1,3,1,1,1,1,0,1,0,1,1,1,0,1,0,1,1,0,0
"229",11950,50,2000,72242,110,0,1,1600,3,5,85,1070,1,1,3,1,1,1,0,0,0,0,1,1,1,0,0,0,1,0,0,0
"230",9850,53,2000,72000,97,1,0,1400,3,5,69,1025,0,0,3,1,1,1,1,0,1,0,1,1,1,0,0,0,1,0,0,0
"231",10950,54,2000,71725,110,1,0,1600,4,5,69,1035,0,1,3,1,1,1,1,0,1,1,0,0,1,0,0,0,1,0,0,1
"232",10950,54,2000,71276,110,0,0,1600,5,5,85,1080,0,1,3,1,1,1,1,0,1,0,1,1,1,0,1,0,1,0,0,0
"233",8695,50,2000,70440,69,1,0,1900,3,5,185,1105,0,1,6,1,1,0,0,0,0,0,1,1,1,1,0,0,0,0,1,0
"234",10990,53,2000,70239,110,0,0,1600,3,5,69,1040,0,1,3,1,1,1,1,0,1,0,0,0,1,1,0,0,1,0,1,0
"235",9500,55,2000,69813,97,1,0,1400,3,5,69,1025,0,1,3,1,1,1,0,0,1,0,0,0,1,1,0,0,1,0,1,1
"236",11950,49,2000,69659,86,0,0,1300,3,6,69,1025,0,1,3,1,1,1,1,0,0,0,1,1,1,0,1,1,1,0,0,0
"237",10750,46,2000,69574,97,0,0,1400,5,5,85,1065,1,1,3,1,1,1,1,0,1,0,1,1,1,0,1,0,1,0,0,0
"238",8750,47,2000,69000,69,1,0,1900,5,5,185,1140,0,1,3,0,1,1,1,0,0,0,0,0,1,0,0,0,1,0,0,0
"239",8750,49,2000,68565,110,1,0,1600,4,5,69,1030,0,1,3,1,1,1,0,0,1,1,0,1,1,0,0,0,1,0,0,0
"240",9950,46,2000,68414,97,0,0,1400,3,5,69,1025,1,1,3,1,1,1,0,0,1,1,1,1,1,0,0,0,1,0,0,0
"241",11950,56,2000,66777,110,0,0,1600,5,5,85,1090,1,1,3,1,1,1,1,0,0,0,1,1,1,0,1,0,1,0,0,1
"242",13950,52,2000,66527,110,1,0,1600,5,5,85,1080,1,1,3,1,1,1,1,0,1,1,1,1,1,0,1,0,1,0,0,1
"243",11250,54,2000,66063,110,1,0,1600,5,5,85,1090,0,1,3,1,1,1,1,0,1,0,1,1,1,0,1,0,1,1,0,0
"244",10900,50,2000,65471,97,1,0,1400,5,5,85,1060,0,1,3,1,1,1,1,0,0,1,0,0,1,0,0,0,1,0,0,0
"245",9750,56,2000,65400,97,1,0,1400,3,5,69,1025,1,1,3,1,1,1,0,0,0,1,0,0,1,0,0,0,1,0,0,0
"246",9950,52,2000,65170,97,1,0,1400,3,5,69,1025,1,1,3,1,1,1,1,0,1,0,0,0,1,1,0,0,1,0,1,0
"247",11950,56,2000,65000,110,1,0,1600,5,5,19,1075,0,0,6,0,0,0,1,0,0,0,0,0,0,0,0,0,0,0,0,0
"248",10450,48,2000,64193,110,1,0,1600,3,5,69,1040,0,1,3,1,1,1,0,0,1,0,0,0,1,0,0,0,1,0,0,0
"249",8950,54,2000,64000,97,1,0,1400,3,5,69,1025,0,1,3,1,1,1,0,0,0,0,0,0,1,1,0,0,1,0,1,0
"250",10250,54,2000,63792,110,1,0,1600,5,5,85,1075,0,1,3,1,1,1,1,0,1,0,1,1,1,1,0,0,1,0,1,0
"251",9930,53,2000,63635,110,1,0,1600,4,5,69,1035,0,1,3,1,1,1,1,0,1,1,0,1,1,0,1,0,1,0,0,0
"252",10500,54,2000,63135,110,1,0,1600,3,5,69,1050,1,1,3,1,1,1,1,0,0,0,1,1,1,0,0,0,1,0,0,1
"253",11950,54,2000,63123,110,1,0,1600,4,5,69,1035,1,1,3,1,1,1,1,0,0,1,1,1,1,0,0,0,1,0,0,0
"254",11500,48,2000,63000,69,1,0,1900,5,5,185,1140,0,1,6,1,1,0,1,0,0,0,1,1,1,1,0,0,0,0,1,1
"255",11500,55,2000,63000,110,0,0,1600,4,5,69,1035,0,1,3,1,1,0,1,0,1,0,1,1,1,0,0,0,0,0,0,0
"256",11450,54,2000,62987,110,0,0,1600,5,5,85,1080,0,1,3,1,1,1,1,0,0,0,1,1,1,0,1,0,1,0,0,1
"257",9900,56,2000,62751,110,0,0,1600,3,5,69,1050,0,1,3,1,1,1,1,0,0,0,0,0,1,0,0,1,1,0,0,1
"258",9500,54,2000,62519,97,0,0,1400,3,5,69,1025,0,1,3,1,1,1,0,0,0,1,0,0,1,1,0,0,1,0,1,0
"259",10500,50,2000,62280,97,1,0,1400,5,5,85,1060,0,1,3,1,1,1,1,0,1,0,0,0,1,0,0,0,1,0,0,0
"260",10750,50,2000,61672,110,0,0,1600,5,5,85,1075,0,0,12,1,1,0,0,0,0,0,0,0,1,1,0,0,0,0,1,0
"261",12000,56,2000,61000,110,1,0,1600,3,5,69,1050,1,1,3,0,1,0,0,0,0,0,1,1,1,0,0,0,1,0,0,0
"262",9940,53,2000,60558,110,1,0,1600,4,5,19,1105,0,0,12,1,1,1,1,0,1,1,1,1,1,0,1,0,0,0,0,0
"263",10950,47,2000,60348,110,0,0,1600,4,5,69,1030,1,1,3,1,1,1,0,0,1,0,1,1,1,0,0,0,1,0,0,0
"264",10750,54,2000,60239,110,1,0,1600,5,5,85,1075,0,1,3,1,1,1,0,0,1,0,0,0,1,1,0,0,1,0,1,1
"265",9799,51,2000,59000,97,1,0,1400,3,5,69,1025,0,1,6,0,1,0,1,0,0,0,1,1,1,1,0,0,0,0,1,0
"266",11750,51,2000,58761,97,0,0,1300,5,5,85,1060,0,1,12,1,1,0,0,0,0,0,1,1,1,1,0,0,0,0,1,1
"267",11950,54,2000,58745,110,1,0,1600,4,5,69,1035,1,1,3,1,1,1,1,0,1,1,1,1,1,0,1,0,1,0,0,0
"268",11250,52,2000,58596,110,1,0,1600,3,5,69,1045,0,1,3,1,1,1,1,0,1,0,1,1,1,0,1,0,1,0,0,0
"269",11750,54,2000,58530,110,0,0,1600,5,5,85,1075,0,1,3,1,1,1,1,0,0,0,1,1,1,0,1,0,1,1,0,0
"270",10950,55,2000,58377,110,1,0,1600,3,5,69,1050,1,1,3,0,1,0,1,0,0,0,1,1,1,0,1,1,1,1,0,0
"271",11250,56,2000,58142,110,1,0,1600,5,5,85,1080,1,1,3,1,1,1,1,0,1,0,1,1,1,0,1,0,1,0,0,0
"272",9950,53,2000,57948,97,1,0,1400,3,5,69,1025,0,1,3,1,1,1,0,0,1,1,0,0,1,0,0,0,1,0,0,0
"273",9700,51,2000,57645,110,0,0,1600,5,5,85,1080,0,1,3,1,1,1,1,0,1,0,1,1,1,0,1,0,1,0,0,0
"274",11950,47,2000,57500,110,1,0,1600,4,5,19,1105,0,0,3,1,1,0,1,1,0,0,1,1,1,0,0,0,0,0,0,0
"275",9900,53,2000,57475,110,0,0,1600,3,5,69,1040,0,1,3,1,1,1,1,0,0,0,0,0,1,0,0,0,1,0,0,1
"276",9990,55,2000,56743,110,0,0,1600,3,5,69,1045,0,1,3,1,1,1,1,0,1,0,1,1,1,0,1,0,1,0,0,0
"277",9475,48,2000,56675,97,1,0,1400,3,5,69,1025,0,1,3,1,1,1,0,0,1,1,1,1,1,0,0,0,1,0,0,0
"278",11500,54,2000,55877,110,1,0,1600,5,5,85,1075,1,1,3,1,1,1,0,0,0,0,0,0,1,0,0,0,1,0,0,1
"279",11950,53,2000,55500,110,1,0,1600,4,5,69,1035,1,1,12,1,1,0,1,0,0,0,1,1,1,1,1,0,0,0,0,1
"280",11500,55,2000,54900,97,1,0,1400,5,5,85,1060,1,1,3,1,1,1,0,0,0,0,0,0,1,0,0,0,1,0,0,0
"281",10500,50,2000,54465,110,0,0,1600,5,5,85,1075,0,1,3,1,1,1,0,0,1,0,0,0,1,0,0,0,1,0,0,0
"282",10900,46,2000,53700,97,1,0,1400,5,5,85,1060,1,1,3,1,1,1,0,0,1,1,1,1,1,0,0,0,1,0,0,0
"283",11700,52,2000,53561,97,1,0,1400,5,5,85,1060,1,1,3,1,1,1,0,0,0,1,1,1,1,0,0,0,1,0,0,0
"284",11900,51,2000,53408,110,1,0,1600,5,5,85,1080,0,0,12,1,1,0,1,0,0,0,1,1,1,0,0,0,0,0,0,0
"285",13950,51,2000,53268,110,1,0,1600,5,5,85,1080,1,1,3,1,1,1,1,0,1,1,0,1,1,0,0,0,1,0,0,0
"286",10950,49,2000,53116,97,1,0,1400,3,5,69,1025,0,1,3,1,1,1,0,0,1,1,0,0,1,0,0,0,1,0,0,0
"287",10500,56,2000,52448,97,0,0,1400,3,5,69,1025,1,1,3,1,1,1,0,0,1,1,0,0,1,0,0,0,1,0,0,0
"288",10750,55,2000,52149,97,1,0,1400,3,5,19,1085,0,1,12,1,1,0,0,0,0,0,0,0,1,1,0,0,0,1,1,0
"289",11950,55,2000,52141,110,1,0,1600,5,5,85,1070,1,1,3,1,1,1,1,0,0,0,0,0,1,0,0,0,1,0,0,1
"290",10000,56,2000,52000,97,0,0,1400,3,5,69,1025,0,0,3,1,1,1,0,0,1,0,0,0,1,0,0,0,1,0,0,0
"291",10495,48,2000,50967,97,1,0,1400,5,5,85,1060,1,1,3,1,1,1,0,0,0,0,0,0,1,0,0,0,1,0,0,0
"292",11450,50,2000,50400,110,0,0,1600,5,5,85,1080,1,1,3,1,1,1,1,0,1,0,1,1,1,0,1,0,1,0,0,0
"293",9400,54,2000,50000,97,1,0,1400,3,5,69,1025,0,1,3,1,1,1,0,0,1,0,0,0,1,0,0,0,1,0,0,1
"294",11950,51,2000,50000,86,1,0,1300,5,5,69,1045,1,1,12,1,1,0,1,0,0,0,1,1,1,1,0,0,0,0,1,0
"295",9650,53,2000,49969,110,0,0,1600,5,5,85,1075,0,1,3,1,1,1,1,0,1,0,1,1,1,1,0,0,1,0,1,1
"296",11450,51,2000,49473,110,0,0,1600,3,5,85,1055,1,1,3,1,1,1,1,0,1,0,1,1,1,1,1,0,1,1,1,0
"297",10250,52,2000,49432,110,1,0,1600,3,5,69,1050,1,1,3,1,1,1,1,0,0,0,1,1,1,1,0,0,1,0,1,1
"298",11450,48,2000,49417,110,1,0,1600,3,5,69,1045,1,1,3,1,1,1,1,0,1,0,1,1,1,0,1,0,1,0,0,0
"299",9950,54,2000,49366,97,1,0,1400,3,5,69,1025,0,1,3,1,1,1,0,0,0,1,0,0,1,0,0,0,1,0,0,0
"300",10500,56,2000,48731,110,1,0,1600,3,5,85,1055,1,1,3,1,1,1,0,0,1,0,1,1,1,0,1,0,1,1,0,0
"301",13750,54,2000,48370,110,1,0,1600,5,5,85,1080,0,1,3,1,1,1,1,0,0,1,1,1,1,0,1,0,1,0,0,1
"302",9950,48,2000,48071,97,0,0,1400,3,5,69,1025,1,1,3,1,1,1,0,0,1,1,0,0,1,0,0,0,1,0,0,0
"303",10250,54,2000,47852,110,1,0,1600,4,5,69,1030,0,1,3,1,1,1,0,0,0,0,0,0,1,1,0,0,1,0,1,0
"304",10850,54,2000,47768,110,0,0,1600,3,5,85,1055,1,1,3,1,1,1,1,0,1,1,1,1,1,0,1,0,1,1,0,0
"305",11895,52,2000,47689,110,0,0,1600,5,5,85,1075,1,1,3,1,1,1,0,0,0,0,0,0,1,1,0,0,1,0,1,0
"306",12950,53,2000,47451,110,1,0,1600,3,5,85,1055,0,1,3,1,1,1,1,0,1,1,1,1,1,0,1,1,1,1,0,1
"307",11950,50,2000,47219,110,1,0,1600,5,5,85,1080,1,1,3,1,1,1,1,0,1,1,1,1,1,0,1,0,1,0,0,0
"308",10750,56,2000,47211,110,1,0,1600,5,5,85,1070,1,1,3,1,1,1,0,0,0,0,0,0,1,0,0,0,1,0,0,0
"309",9550,54,2000,46856,97,0,0,1400,5,5,85,1060,0,1,3,1,1,1,0,0,1,1,0,0,1,0,0,0,1,0,0,0
"310",10950,56,2000,46500,86,0,0,1300,5,5,69,1035,1,1,12,1,1,0,0,0,0,0,0,0,1,0,0,0,1,0,0,0
"311",11750,52,2000,46449,110,1,0,1600,4,5,69,1035,1,1,3,1,1,1,1,0,1,1,1,1,1,0,0,0,1,0,0,1
"312",10950,47,2000,46391,110,0,0,1600,5,5,85,1075,0,1,12,1,1,0,0,0,0,0,0,0,1,1,0,0,0,0,1,0
"313",12450,54,2000,46230,110,1,0,1600,3,5,85,1055,1,1,3,1,1,1,1,0,1,1,1,1,1,0,1,0,1,1,0,0
"314",10500,52,2000,46029,110,1,0,1600,4,5,69,1030,1,1,3,1,1,1,1,0,1,0,0,0,1,1,0,0,1,0,1,0
"315",10900,50,2000,46000,97,0,0,1400,3,5,69,1025,1,1,3,1,1,1,0,0,1,1,0,0,1,1,0,0,1,0,1,0
"316",12950,50,2000,45900,110,1,0,1600,5,5,85,1075,1,1,3,1,1,1,0,0,1,0,1,1,1,1,0,0,1,0,1,1
"317",10950,47,2000,45850,97,0,0,1400,5,5,85,1060,1,1,3,1,1,1,0,0,1,0,0,0,1,0,0,0,1,0,0,0
"318",12500,56,2000,45336,110,1,0,1600,5,5,85,1080,1,1,3,1,1,1,1,0,0,1,1,1,1,0,1,0,1,1,0,0
"319",9950,55,2000,44537,97,0,0,1400,3,5,69,1025,0,1,3,1,1,1,0,0,0,0,0,0,1,1,0,0,1,0,1,1
"320",10750,56,2000,43700,86,1,0,1300,3,5,69,1025,1,1,3,1,1,1,1,0,0,0,1,1,1,1,1,0,1,1,1,0
"321",12500,48,2000,43120,97,1,0,1400,3,5,69,1030,1,1,3,1,1,1,1,0,1,0,1,1,1,0,1,0,1,0,0,0
"322",10450,49,2000,41710,110,0,0,1600,3,5,69,1040,1,0,12,1,0,0,0,0,0,0,1,1,1,1,0,0,0,1,1,0
"323",10750,52,2000,41700,97,1,0,1400,3,5,69,1025,1,1,3,1,1,1,0,0,1,0,1,1,1,0,0,0,1,0,0,1
"324",12950,49,2000,41636,110,1,0,1600,5,5,19,1105,0,1,12,1,1,0,1,0,0,0,1,1,1,1,0,0,0,0,1,1
"325",10995,50,2000,41273,97,0,0,1400,5,5,85,1060,1,1,3,1,1,1,0,0,1,0,1,1,1,1,0,0,1,0,1,1
"326",11950,49,2000,40836,110,0,1,1600,3,5,85,1075,1,1,3,1,1,1,1,0,1,0,1,1,1,0,1,0,1,0,0,0
"327",11250,50,2000,40400,97,1,0,1400,5,5,85,1060,1,1,3,1,1,1,0,0,1,0,1,1,1,0,0,0,1,0,0,1
"328",11950,47,2000,40361,110,1,0,1600,5,5,85,1090,0,1,3,1,1,1,1,0,0,0,1,1,1,0,1,1,1,1,0,0
"329",13750,54,2000,40325,86,0,0,1300,5,5,69,1045,0,1,3,1,1,1,1,0,0,0,1,1,1,0,1,0,1,0,0,0
"330",11000,47,2000,40000,110,0,0,1600,5,5,85,1080,0,0,3,1,1,1,1,0,0,0,1,1,1,0,1,0,1,0,0,0
"331",13500,50,2000,39706,110,1,0,1600,5,5,85,1080,0,1,3,1,1,1,1,0,1,1,1,1,1,0,1,0,1,0,0,0
"332",10950,54,2000,39291,110,1,0,1600,3,5,69,1040,0,1,3,0,1,1,1,0,0,1,1,1,1,0,1,0,1,0,0,0
"333",10750,54,2000,39000,97,0,0,1400,3,5,69,1025,0,1,3,1,1,1,0,0,1,1,0,0,1,0,0,0,1,0,0,0
"334",8950,47,2000,38900,97,1,0,1400,3,5,69,1025,0,1,3,1,1,1,0,0,1,1,0,0,1,0,0,0,1,0,0,0
"335",12950,51,2000,38403,110,0,0,1600,3,5,85,1055,0,1,3,1,1,1,0,0,1,0,1,1,1,0,1,0,1,1,0,0
"336",9750,56,2000,37461,97,0,0,1400,3,5,69,1025,0,1,3,1,1,1,0,0,1,0,0,0,1,0,0,0,1,0,0,0
"337",10900,54,2000,37000,97,1,0,1400,3,5,69,1025,1,1,3,1,1,1,0,0,1,1,0,0,1,0,0,0,1,0,0,1
"338",10995,55,2000,36406,110,1,0,1600,4,5,69,1035,1,1,3,1,1,1,1,0,1,0,1,1,1,0,0,0,1,0,0,0
"339",10750,48,2000,36005,97,1,0,1400,5,5,85,1065,1,1,3,1,1,1,1,0,1,0,1,1,1,0,1,0,1,0,0,0
"340",10950,52,2000,36000,110,1,0,1600,5,5,85,1075,0,1,3,1,1,1,0,0,1,0,1,1,1,1,0,0,1,0,1,1
"341",13000,49,2000,36000,110,0,0,1600,5,5,85,1080,1,1,3,1,1,1,1,0,1,0,1,1,1,0,1,0,1,0,0,0
"342",12950,45,2000,36000,110,1,1,1600,3,5,85,1070,1,1,3,1,1,1,0,0,0,0,0,0,1,0,0,0,1,0,0,0
"343",11500,52,2000,35823,110,0,0,1600,5,5,85,1075,1,1,3,1,1,1,0,0,1,0,0,0,1,0,0,0,1,0,0,0
"344",10950,56,2000,35230,97,0,0,1400,3,5,69,1025,1,1,3,1,1,1,0,0,0,0,0,0,1,0,0,0,1,0,0,0
"345",11710,48,2000,35142,110,0,0,1600,3,5,85,1055,0,1,3,1,1,1,1,0,0,0,1,1,1,0,1,0,1,0,0,0
"346",9980,49,2000,34890,97,0,0,1400,3,5,69,1025,1,1,3,1,1,1,0,0,1,1,0,0,1,0,0,0,1,0,0,0
"347",12250,51,2000,34882,110,1,0,1600,5,5,85,1075,1,1,3,1,1,1,0,0,0,1,0,0,1,0,0,0,1,0,0,0
"348",11500,46,2000,34000,110,1,0,1600,5,5,85,1075,1,1,3,1,1,1,1,0,1,0,0,1,1,0,0,0,1,0,0,0
"349",11950,56,2000,33998,110,0,0,1600,5,5,85,1080,1,1,12,0,1,0,1,0,0,1,1,0,1,1,1,0,0,0,0,0
"350",11500,55,2000,33230,110,0,0,1600,3,5,69,1050,0,1,3,1,1,1,1,0,0,0,1,1,1,0,0,1,1,0,0,0
"351",11900,46,2000,33021,110,1,0,1600,5,5,85,1080,1,1,3,1,1,1,1,0,1,0,1,1,1,0,1,0,1,0,0,0
"352",11930,49,2000,31999,97,0,0,1400,3,5,69,1030,0,1,3,1,1,1,1,0,1,0,1,1,1,0,1,0,1,0,0,0
"353",10500,52,2000,31579,97,0,0,1400,3,5,69,1025,0,1,3,1,1,1,1,0,1,1,1,0,1,0,0,0,1,0,0,1
"354",8950,56,2000,31000,97,0,0,1400,3,5,69,1025,0,0,6,1,0,0,0,0,0,0,0,0,1,0,0,0,0,0,0,0
"355",10450,46,2000,30806,97,1,0,1400,5,5,85,1060,1,1,3,1,1,1,0,0,1,0,0,0,1,1,0,0,1,0,1,0
"356",10500,55,2000,30461,86,1,0,1300,5,5,69,1050,1,1,3,1,1,1,0,0,0,0,0,0,1,0,0,0,1,0,0,1
"357",12950,50,2000,29686,110,1,1,1600,3,5,85,1075,1,1,3,1,1,1,1,0,1,1,1,1,1,0,1,0,1,1,0,1
"358",9950,55,2000,29650,86,0,0,1300,3,6,69,1025,0,1,3,1,1,1,1,0,0,0,1,1,1,0,1,1,1,0,0,1
"359",12900,52,2000,29500,110,1,0,1600,3,5,85,1055,1,1,3,1,1,1,1,0,1,0,1,1,1,0,1,0,1,1,0,0
"360",9950,48,2000,28656,97,0,0,1400,3,5,19,1085,0,1,3,1,1,0,1,1,0,0,0,0,1,0,0,0,0,0,0,0
"361",9950,55,2000,27500,97,1,0,1400,3,5,69,1025,1,1,3,1,1,1,0,0,1,0,0,0,1,0,0,0,1,0,0,0
"362",10950,48,2000,26938,110,1,0,1600,3,5,69,1040,0,0,12,1,1,1,0,0,1,1,1,1,1,0,0,0,0,0,0,0
"363",10950,53,2000,26624,97,0,0,1400,5,5,85,1060,0,1,3,1,1,1,0,0,1,0,0,0,1,1,0,0,1,0,1,1
"364",9950,47,2000,26221,97,1,0,1400,3,5,69,1025,0,1,3,1,1,1,0,0,1,0,0,1,1,0,0,0,1,0,0,1
"365",10950,50,2000,22648,97,1,0,1400,5,5,85,1060,0,1,3,1,1,0,0,0,0,0,1,1,1,1,0,0,0,0,1,1
"366",10800,50,2000,22500,97,1,0,1400,3,5,69,1025,0,1,3,1,1,1,1,0,1,0,0,0,1,0,0,0,1,0,0,0
"367",10500,56,2000,19313,97,0,0,1400,3,5,69,1025,0,1,3,1,1,1,0,0,0,0,0,0,1,0,0,0,1,0,0,0
"368",10450,50,2000,17619,110,0,0,1600,4,5,69,1030,0,1,3,0,0,0,0,0,0,0,0,0,0,0,0,0,0,0,0,0
"369",10600,51,2000,17069,97,1,0,1400,3,5,69,1025,0,1,3,1,1,1,0,0,0,1,0,0,1,0,0,0,1,0,0,0
"370",10450,48,2000,15000,97,1,0,1400,3,5,69,1025,1,1,3,1,1,1,0,0,1,0,0,0,1,0,0,0,1,0,0,0
"371",12950,50,2000,10210,97,0,0,1400,5,5,85,1065,0,1,3,1,1,1,1,0,1,0,1,1,1,0,1,0,1,0,0,0
"372",11250,47,2000,5309,110,1,1,1600,3,5,85,1070,0,1,3,1,1,1,1,0,1,0,0,0,1,0,0,0,1,0,0,1
"373",8950,52,2000,31000,97,0,0,1398,3,5,69,1025,0,0,3,1,1,0,0,0,1,0,0,0,0,0,0,0,0,1,0,1
"374",9450,66,1999,126452,110,1,0,1600,5,5,85,1085,1,1,3,1,1,1,0,0,0,0,0,0,1,0,0,1,1,0,0,0
"375",7995,59,1999,121626,86,0,0,1300,5,5,69,1050,0,1,3,1,1,1,0,0,0,0,0,0,1,0,0,1,1,0,0,0
"376",10450,64,1999,120400,110,0,0,1600,5,5,85,1090,0,1,3,1,1,1,1,0,0,0,1,1,1,0,1,0,1,0,0,0
"377",9950,68,1999,119541,110,0,0,1600,3,5,85,1055,0,1,3,1,1,1,1,0,0,0,1,1,1,0,1,0,1,0,0,0
"378",8950,68,1999,119500,110,1,0,1600,5,5,85,1070,1,0,12,1,1,0,0,0,0,0,1,1,1,0,0,0,0,0,0,1
"379",7950,68,1999,119289,110,1,0,1600,4,5,69,1035,1,1,3,1,1,1,0,0,0,0,1,1,1,1,0,0,0,0,1,0
"380",10950,57,1999,118833,110,0,0,1600,3,6,85,1065,1,1,3,1,1,1,1,0,0,0,1,1,1,0,1,1,1,1,0,0
"381",8600,68,1999,117955,110,1,1,1600,4,5,85,1065,1,1,3,1,1,1,1,0,0,0,1,0,1,1,0,0,0,0,1,0
"382",7250,65,1999,117609,86,0,0,1300,3,5,69,1015,0,1,3,1,1,1,0,0,0,0,0,0,1,0,0,1,1,0,0,0
"383",8000,64,1999,116000,86,0,0,1300,5,5,69,1045,0,0,3,1,1,1,0,0,0,0,1,1,1,0,1,1,1,0,0,0
"384",9950,58,1999,115715,110,0,0,1600,5,5,85,1070,0,1,3,1,1,1,0,0,0,0,0,0,1,0,0,0,1,0,0,0
"385",9450,60,1999,115191,110,1,0,1600,4,5,197,1079,1,1,3,1,1,1,0,0,0,0,0,0,1,0,0,0,0,0,0,0
"386",7950,68,1999,115071,110,1,0,1600,3,5,85,1055,0,1,3,1,1,1,1,0,0,1,1,1,1,0,1,0,1,0,0,1
"387",9450,63,1999,115000,110,0,0,1600,3,5,197,1109,0,1,6,1,1,0,1,0,0,0,1,1,1,0,1,0,0,1,0,1
"388",9950,64,1999,114846,110,1,0,1600,5,5,85,1075,1,1,3,1,1,1,1,0,0,0,1,1,1,0,1,0,1,1,0,0
"389",8250,59,1999,113700,110,1,0,1600,5,5,19,1065,1,1,12,1,1,0,0,0,0,0,0,0,1,1,0,0,0,0,1,1
"390",9950,67,1999,113118,86,1,0,1300,3,5,69,1020,1,1,3,1,1,1,1,0,0,0,1,1,1,0,1,0,1,0,0,1
"391",8250,59,1999,112827,86,1,0,1300,5,5,69,1040,0,1,3,1,1,1,1,0,0,0,1,1,1,0,1,0,1,1,0,0
"392",9950,68,1999,112116,110,1,0,1600,5,5,85,1070,1,1,3,1,1,1,0,0,0,0,1,1,1,0,0,1,1,0,0,0
"393",10500,66,1999,112000,110,1,0,1600,3,6,85,1065,1,1,3,1,1,1,1,0,0,0,1,1,1,0,1,1,1,1,0,0
"394",9750,65,1999,111769,110,0,0,1600,3,6,85,1065,1,1,3,1,1,1,1,0,0,0,1,1,1,0,1,1,1,1,0,0
"395",9250,61,1999,110853,110,1,0,1600,5,5,85,1070,0,1,3,1,1,1,0,0,0,0,0,0,1,0,0,1,1,0,0,0
"396",9500,68,1999,110287,110,1,0,1600,3,5,69,1050,0,1,3,0,1,0,0,0,0,0,0,0,1,0,0,0,0,0,0,0
"397",9950,62,1999,109547,110,0,0,1600,5,5,85,1075,1,1,3,1,1,1,1,0,0,1,1,1,1,0,1,0,1,1,0,0
"398",7750,63,1999,109230,110,0,0,1600,3,5,69,1050,1,1,3,1,1,1,0,0,0,0,0,0,1,0,0,1,1,0,0,0
"399",9500,68,1999,109150,110,0,0,1600,5,5,85,1075,0,1,3,1,1,1,1,0,0,0,1,1,1,0,1,0,1,0,0,0
"400",9950,67,1999,108793,110,1,0,1600,4,5,69,1035,1,1,3,1,1,1,0,0,0,0,1,1,1,0,0,0,1,0,0,1
"401",9750,64,1999,106784,110,0,1,1600,3,5,19,1050,0,1,12,1,1,0,1,1,0,0,1,1,1,0,1,0,0,1,0,0
"402",9750,58,1999,105942,86,0,0,1300,5,5,69,1040,1,1,3,1,1,1,1,0,0,1,1,1,1,0,1,0,1,1,0,0
"403",5950,59,1999,105000,86,1,0,1300,3,5,19,1015,0,0,3,1,1,1,0,0,0,0,1,1,1,1,0,0,0,1,1,0
"404",8500,62,1999,105000,86,0,0,1300,5,5,69,1040,0,0,3,1,1,1,1,0,0,0,1,1,1,0,1,1,1,0,0,0
"405",8495,68,1999,104299,110,1,0,1600,5,5,85,1085,0,1,3,1,1,1,0,0,0,0,0,0,1,0,0,1,1,0,0,0
"406",9250,67,1999,104000,86,0,0,1300,3,5,69,1020,1,1,3,1,1,1,1,0,0,0,1,1,1,0,1,0,1,0,0,0
"407",6900,68,1999,104000,86,1,0,1300,3,5,19,1015,0,0,6,0,1,0,0,0,0,0,0,0,1,0,0,0,0,0,0,1
"408",8950,58,1999,103458,86,1,0,1300,3,5,69,1025,1,1,3,1,1,1,1,0,0,0,1,1,1,0,1,1,1,0,0,0
"409",9500,63,1999,103400,110,1,0,1600,5,5,85,1075,0,1,3,1,1,1,1,0,0,0,1,1,1,0,1,0,1,1,0,1
"410",9250,63,1999,102807,86,0,0,1300,5,5,85,1055,0,1,3,1,1,1,1,0,0,0,1,1,1,0,1,0,1,0,0,0
"411",9895,68,1999,102494,110,0,0,1600,5,5,85,1090,1,1,3,1,1,1,1,0,0,0,1,1,1,0,1,0,1,0,0,1
"412",7950,61,1999,102106,110,0,0,1600,3,5,69,1050,0,1,3,1,1,1,1,0,0,0,1,1,1,0,0,1,1,0,0,0
"413",8750,68,1999,101889,110,1,0,1600,5,5,85,1075,1,1,3,1,1,1,1,0,0,0,1,1,1,0,1,0,1,0,0,0
"414",8950,63,1999,101469,110,1,0,1600,3,6,85,1065,0,1,3,1,1,1,1,0,0,0,1,1,1,0,1,1,1,1,0,0
"415",8950,68,1999,101001,110,0,0,1600,5,5,85,1075,1,1,3,1,1,1,1,0,0,0,1,1,1,0,1,0,1,1,0,0
"416",8950,61,1999,100748,110,0,0,1600,5,5,85,1070,0,1,3,1,1,1,0,0,0,0,1,1,1,0,0,1,1,0,0,1
"417",8950,65,1999,100550,110,1,0,1600,5,5,85,1075,0,1,3,1,1,1,1,0,0,0,1,1,1,0,1,0,1,1,0,1
"418",9450,67,1999,99781,110,1,0,1600,5,5,85,1085,0,1,3,1,1,1,0,0,0,0,0,0,1,0,0,1,1,0,0,0
"419",8950,59,1999,98658,86,1,0,1300,3,5,69,1020,0,1,3,1,1,1,1,0,0,0,1,1,1,1,1,0,1,0,1,0
"420",9250,65,1999,98500,110,1,0,1600,5,5,85,1075,0,0,3,1,1,1,1,0,0,0,1,1,1,0,1,0,1,1,0,0
"421",8750,64,1999,98291,86,0,0,1300,4,5,69,1000,0,1,12,0,1,0,0,0,0,0,1,1,1,1,0,0,0,0,1,0
"422",9950,61,1999,97648,110,1,0,1600,3,6,85,1065,1,1,3,1,1,1,1,0,1,0,1,1,1,0,1,1,1,1,0,1
"423",9950,61,1999,97425,110,1,0,1600,5,5,85,1075,0,1,3,1,1,1,1,0,0,0,1,1,1,1,1,0,1,1,1,1
"424",9900,65,1999,97173,86,0,0,1300,3,5,69,1015,1,1,3,1,1,1,0,0,0,0,0,0,1,0,0,1,1,0,0,0
"425",8950,66,1999,97046,86,1,0,1300,4,5,69,1000,0,1,3,1,1,1,0,0,0,0,1,1,1,0,0,0,0,0,0,0
"426",8950,67,1999,96000,110,1,0,1600,3,5,69,1050,0,1,3,1,1,1,0,0,0,0,1,0,1,0,0,1,1,0,0,0
"427",9250,67,1999,95750,110,1,0,1600,5,5,85,1070,0,1,6,1,1,0,1,0,0,0,0,0,1,1,0,0,0,0,1,0
"428",10250,61,1999,95147,110,1,0,1600,3,5,85,1050,0,1,6,0,1,0,1,0,0,0,1,1,1,0,0,0,0,0,0,1
"429",8950,68,1999,95000,110,0,0,1600,3,5,69,1050,1,1,3,1,1,1,0,0,0,0,0,0,1,0,0,0,1,0,0,1
"430",7999,65,1999,95000,110,1,0,1600,3,5,69,1050,0,1,6,1,1,0,0,0,0,0,0,0,1,1,0,0,0,0,1,0
"431",9900,66,1999,94606,110,0,0,1600,3,5,85,1065,0,0,6,1,1,0,1,0,0,0,1,1,1,0,0,0,0,0,0,0
"432",8250,63,1999,94504,86,1,0,1300,4,5,69,1000,1,1,3,1,1,1,0,0,0,0,0,0,1,0,0,0,0,0,0,0
"433",10500,65,1999,93428,110,1,0,1600,5,5,85,1075,0,1,3,1,1,1,1,0,0,0,1,1,1,1,1,0,1,1,1,1
"434",8450,65,1999,93408,86,0,0,1300,3,5,69,1015,0,1,3,1,1,1,0,0,0,0,0,0,1,0,0,1,1,0,0,0
"435",9900,68,1999,93296,110,1,0,1600,5,5,85,1090,1,1,3,1,1,1,1,0,0,1,1,1,1,0,1,0,1,0,0,0
"436",10500,62,1999,93098,110,1,0,1600,5,5,85,1075,1,1,3,1,1,1,1,0,0,0,1,1,1,0,1,0,1,1,0,0
"437",9500,61,1999,92498,110,1,0,1600,3,5,69,1050,1,1,3,1,1,1,1,0,0,0,0,1,1,0,0,1,1,0,0,0
"438",9450,65,1999,92226,110,0,0,1600,3,6,85,1065,0,1,3,1,1,1,1,0,0,0,1,1,1,0,1,1,1,1,0,0
"439",8250,64,1999,91333,110,1,0,1600,3,5,69,1050,0,1,3,1,1,1,1,0,0,0,0,0,1,0,0,1,1,0,0,0
"440",8750,65,1999,91246,86,1,0,1300,3,5,69,1015,0,1,3,1,1,1,0,0,0,0,0,0,1,0,0,1,1,0,0,0
"441",9500,58,1999,91000,110,1,0,1600,5,5,85,1075,1,1,3,1,1,1,1,0,0,0,1,1,1,0,1,0,1,1,0,1
"442",8450,68,1999,90727,110,0,0,1600,3,5,69,1050,1,1,3,1,1,1,0,0,0,0,1,1,1,0,0,1,1,0,0,0
"443",8490,62,1999,90000,110,0,0,1600,3,5,69,1050,0,1,3,1,1,1,0,0,0,0,0,0,1,0,0,1,1,0,0,0
"444",8750,60,1999,89576,110,0,0,1600,4,5,69,1035,0,0,12,0,0,0,1,0,0,0,0,0,0,1,0,0,0,0,1,1
"445",9750,64,1999,89145,86,1,0,1300,3,5,69,1025,0,1,3,1,1,1,1,0,0,1,1,1,1,0,1,1,1,1,0,0
"446",9950,63,1999,89000,110,1,0,1600,5,5,85,1085,0,0,6,1,1,0,1,0,0,0,0,0,1,0,0,0,0,0,0,1
"447",8500,68,1999,88807,110,0,0,1600,3,5,69,1050,0,1,3,1,1,1,0,0,0,0,1,1,1,0,0,0,1,1,0,1
"448",8450,63,1999,88685,110,0,0,1600,5,5,85,1070,1,1,3,1,1,1,0,0,0,0,0,0,1,0,0,1,1,0,0,0
"449",7900,62,1999,88667,110,1,0,1600,4,5,69,1040,1,1,3,1,1,1,1,0,0,0,1,1,1,0,1,0,1,0,0,0
"450",8750,57,1999,88480,110,1,0,1600,3,5,69,1050,1,1,3,1,1,1,1,0,0,0,0,0,1,0,0,1,1,0,0,0
"451",7950,61,1999,88127,86,0,0,1300,3,5,69,1015,1,1,3,1,1,1,0,0,0,0,0,0,1,1,0,1,1,0,1,0
"452",6900,62,1999,88000,86,0,0,1300,3,5,69,1020,0,1,3,1,1,1,1,0,0,0,1,1,1,0,1,0,1,0,0,1
"453",8150,65,1999,87821,86,1,0,1300,3,5,69,1015,1,1,3,1,1,1,0,0,0,0,0,0,1,0,0,0,1,1,0,0
"454",10995,59,1999,87654,86,1,1,1300,5,5,85,1065,1,1,3,1,1,1,0,0,0,1,0,0,1,0,0,0,1,0,0,0
"455",8900,59,1999,86888,110,1,0,1600,3,5,69,1050,0,1,3,1,1,1,1,0,0,0,0,0,1,1,0,1,1,0,1,0
"456",9500,59,1999,86871,86,1,0,1300,5,5,69,1040,0,1,3,0,1,1,1,0,0,0,1,1,1,0,1,0,1,1,0,0
"457",8950,68,1999,86714,110,1,0,1600,4,5,69,1035,1,1,3,1,1,1,1,0,0,0,0,0,1,0,0,0,0,0,0,1
"458",11500,65,1999,85889,110,0,0,1600,3,6,85,1065,0,1,12,1,1,0,1,0,0,0,1,1,1,1,0,0,0,1,1,1
"459",10450,62,1999,85000,110,1,0,1600,3,5,69,1050,0,0,6,1,1,0,1,0,0,0,0,0,1,1,0,0,0,0,1,1
"460",10500,60,1999,85000,86,1,0,1300,3,5,69,1025,1,1,3,1,1,1,1,0,0,1,1,1,1,0,1,1,1,1,0,0
"461",9250,68,1999,84976,110,1,0,1600,4,5,69,1035,1,1,3,1,1,1,0,0,0,0,1,1,1,0,0,0,1,0,0,1
"462",10950,65,1999,84558,110,1,0,1600,5,5,19,1120,0,1,12,1,1,0,1,0,0,0,1,1,1,0,0,0,0,0,0,0
"463",10450,62,1999,84549,110,0,0,1600,5,5,85,1075,0,1,3,1,1,1,1,0,0,0,1,1,1,0,1,0,1,1,0,0
"464",9250,68,1999,84482,110,1,0,1600,5,5,85,1075,0,1,3,1,1,1,1,0,0,0,1,1,1,0,1,0,1,1,0,1
"465",8750,62,1999,83908,110,1,0,1600,5,5,85,1070,0,1,3,1,1,1,0,0,0,0,0,0,1,1,0,1,1,0,1,0
"466",8750,67,1999,83560,86,0,0,1300,3,5,69,1015,1,1,3,1,1,1,0,0,0,0,0,1,1,0,0,1,1,1,0,1
"467",9800,68,1999,83000,107,1,1,1600,5,5,85,1100,1,1,3,1,1,1,0,0,0,0,0,0,1,0,0,1,1,0,0,0
"468",8250,64,1999,82723,86,0,0,1300,3,5,69,1015,1,1,3,1,1,1,0,0,0,0,0,0,1,0,0,0,1,0,0,0
"469",10450,62,1999,82421,110,1,0,1600,3,6,85,1065,0,1,3,1,1,1,1,0,1,0,1,1,1,0,1,1,1,1,0,1
"470",9750,58,1999,82254,110,0,0,1600,5,5,69,1050,0,1,12,1,1,0,0,0,0,0,1,1,1,1,0,0,0,0,1,1
"471",8950,61,1999,82115,110,1,0,1600,3,5,85,1055,0,1,3,0,1,0,1,0,0,0,1,1,1,1,0,0,0,0,1,1
"472",7450,65,1999,82000,86,1,0,1300,3,5,69,1015,0,0,3,1,1,1,0,0,0,0,0,0,1,0,0,0,1,0,0,1
"473",8450,68,1999,81965,86,1,0,1300,5,5,69,1035,1,1,3,1,1,1,0,0,0,0,0,0,1,0,0,0,1,0,0,0
"474",8250,66,1999,81250,110,0,0,1600,3,5,19,1050,0,0,3,0,1,0,1,0,0,0,1,1,1,0,0,0,0,0,0,1
"475",10950,65,1999,81192,110,1,0,1600,3,6,85,1065,1,1,3,1,1,1,1,0,0,0,1,1,1,0,1,1,1,1,0,0
"476",8950,61,1999,81170,110,1,0,1600,4,5,69,1040,1,1,3,1,1,1,1,0,0,0,1,1,1,0,1,0,1,0,0,1
"477",8750,66,1999,81083,86,0,0,1300,3,5,69,1015,1,1,3,1,1,1,0,0,0,0,0,0,1,0,0,1,1,0,0,0
"478",10450,61,1999,80714,110,1,0,1600,5,5,85,1075,1,1,12,0,1,0,0,0,0,0,1,0,0,1,0,0,0,0,1,0
"479",10950,57,1999,80470,110,0,0,1600,5,5,85,1085,1,1,3,1,1,1,0,0,0,0,1,0,1,0,0,1,1,0,0,0
"480",8450,65,1999,80439,110,1,0,1600,4,5,69,1035,0,1,3,1,1,1,1,0,0,0,1,1,1,0,0,0,0,0,0,0
"481",9950,59,1999,80430,110,1,0,1600,3,6,85,1065,0,1,3,1,1,1,1,0,0,0,1,1,1,0,1,1,1,1,0,0
"482",9950,68,1999,80426,110,1,0,1600,3,5,85,1055,1,1,3,1,1,1,0,0,0,0,1,1,1,0,1,0,1,0,0,0
"483",8750,62,1999,80265,86,0,0,1300,3,5,69,1015,1,1,3,0,1,1,0,0,0,0,0,0,0,0,0,0,0,0,0,1
"484",9950,65,1999,80153,110,0,0,1600,5,5,85,1070,1,1,3,1,1,1,1,0,0,0,0,0,1,0,0,1,1,0,0,1
"485",9500,68,1999,80121,110,0,0,1600,5,5,85,1070,1,1,3,1,1,1,1,0,0,0,1,1,1,0,0,1,1,0,0,1
"486",8250,65,1999,80086,110,1,0,1600,4,5,69,1035,0,1,3,1,1,1,0,0,0,0,0,0,1,0,0,0,0,0,0,1
"487",10950,62,1999,80000,110,0,0,1600,5,5,85,1075,0,1,3,1,1,1,1,0,0,0,1,1,1,0,1,0,1,1,0,0
"488",7950,60,1999,80000,86,0,0,1300,5,5,19,1015,0,1,3,1,1,0,0,0,0,0,0,0,1,0,0,0,0,0,0,0
"489",8250,65,1999,80000,86,1,0,1300,2,5,19,1015,0,1,3,1,1,0,0,0,0,0,0,0,1,0,0,0,0,0,0,0
"490",9895,67,1999,79858,110,1,0,1600,4,5,69,1040,1,1,3,1,1,1,1,0,0,0,1,1,1,0,1,0,1,0,0,0
"491",9130,67,1999,79762,86,1,0,1300,3,5,69,1015,0,1,3,1,1,1,0,0,0,0,1,1,1,0,0,0,1,0,0,0
"492",10950,59,1999,79660,86,0,1,1300,5,5,85,1065,1,1,3,1,1,1,0,0,0,0,0,0,1,0,0,1,1,0,0,0
"493",10500,60,1999,79150,110,1,0,1600,5,5,85,1075,1,1,3,1,1,1,1,0,0,0,1,1,1,0,1,0,1,1,0,1
"494",8900,61,1999,79000,110,1,0,1600,3,5,69,1050,1,1,3,1,1,1,1,0,0,0,1,1,1,0,0,0,1,0,0,1
"495",9500,57,1999,78955,86,1,0,1300,5,5,69,1045,1,1,3,1,1,1,1,0,0,0,1,1,1,0,1,1,1,1,0,0
"496",7950,68,1999,78521,86,0,0,1300,3,5,69,1015,0,1,3,1,1,1,0,0,0,0,0,0,1,0,0,1,1,0,0,0
"497",7950,64,1999,78356,86,1,0,1300,3,5,69,1015,1,1,3,1,1,1,0,0,0,0,0,0,1,0,0,1,1,0,0,1
"498",7950,65,1999,78076,86,1,0,1300,3,5,69,1015,1,1,3,1,1,1,0,0,0,0,0,0,1,0,0,0,1,0,0,0
"499",9500,61,1999,78063,107,1,1,1600,5,5,85,1100,1,1,3,1,1,1,0,0,0,0,0,0,1,1,0,1,1,0,1,1
"500",10950,67,1999,77821,110,1,0,1600,5,5,85,1075,1,1,3,1,1,1,1,0,0,0,1,1,1,0,1,0,1,1,0,1
"501",9750,68,1999,77695,110,1,0,1600,4,5,69,1035,1,1,3,1,1,1,0,0,0,0,0,0,1,0,0,0,0,0,0,1
"502",9750,65,1999,77500,110,1,0,1600,3,5,69,1050,1,1,3,1,1,1,0,0,0,0,0,0,1,0,0,1,1,0,0,0
"503",9450,63,1999,77457,110,1,0,1600,3,5,85,1055,1,1,3,1,1,1,1,0,0,1,1,1,1,0,1,0,1,0,0,0
"504",8950,68,1999,77029,86,1,0,1300,3,5,69,1015,0,1,3,1,1,1,0,0,0,0,0,1,1,0,0,0,1,0,0,0
"505",8950,68,1999,77008,86,1,0,1300,3,5,69,1015,1,1,12,1,1,0,0,0,0,0,0,0,1,0,0,0,0,0,0,0
"506",8900,66,1999,76791,110,1,0,1600,5,5,85,1070,0,1,3,1,1,1,0,0,0,0,1,1,1,0,0,1,1,0,0,0
"507",9950,61,1999,76700,86,1,0,1300,5,5,69,1035,0,1,3,1,1,1,0,0,0,0,0,0,1,0,0,1,1,0,0,0
"508",8750,67,1999,76569,86,1,0,1300,3,5,69,1020,0,1,3,1,1,1,1,0,0,0,1,1,1,0,1,0,1,0,0,0
"509",8950,59,1999,76162,110,1,0,1600,5,5,85,1075,0,1,3,1,1,1,1,0,0,0,1,1,1,0,1,0,1,1,0,0
"510",8990,65,1999,76155,110,1,0,1600,4,5,69,1035,0,1,3,1,1,1,0,0,0,0,1,0,1,0,0,0,1,0,0,1
"511",8950,61,1999,75609,86,1,0,1300,3,5,69,1015,1,1,3,1,1,1,0,0,0,0,0,0,1,0,0,0,1,0,0,0
"512",9950,67,1999,75429,110,1,0,1600,3,6,85,1065,1,1,3,1,1,1,1,0,0,0,1,1,1,0,1,1,1,1,0,0
"513",9900,68,1999,75000,110,1,0,1600,5,5,85,1075,0,1,3,1,1,1,1,0,0,0,1,1,1,0,1,0,1,1,0,0
"514",8950,65,1999,75000,86,0,0,1300,3,5,19,1015,0,1,3,1,1,0,0,0,0,0,1,1,1,0,0,0,0,1,0,0
"515",8950,62,1999,75000,110,1,0,1600,5,5,85,1070,0,1,3,1,1,1,0,0,0,0,0,0,1,0,0,0,1,0,0,1
"516",9500,66,1999,74963,107,0,1,1600,3,5,85,1085,0,1,3,1,1,1,1,0,0,0,1,1,1,0,1,0,1,0,0,0
"517",7950,68,1999,74889,86,1,0,1300,3,5,69,1015,1,1,3,1,1,1,0,0,0,0,0,0,1,0,0,1,1,1,0,0
"518",7750,68,1999,74875,110,0,0,1600,5,5,85,1070,0,1,3,0,1,0,1,0,0,0,0,0,1,0,0,0,1,0,0,0
"519",8950,63,1999,74747,110,1,0,1600,5,5,85,1075,0,1,3,1,1,1,1,0,0,0,1,1,1,0,1,0,1,0,0,0
"520",11950,60,1999,74720,110,1,0,1600,5,5,85,1085,1,1,3,1,1,1,1,0,0,0,0,1,1,1,0,1,1,0,1,1
"521",8950,62,1999,74457,110,0,0,1600,5,5,85,1075,0,1,3,1,1,1,1,0,0,0,1,1,1,0,1,0,1,1,0,0
"522",11950,60,1999,74337,86,0,0,1300,5,5,69,1035,0,1,3,1,1,1,0,0,0,0,0,0,1,0,0,1,1,0,0,0
"523",8950,68,1999,74308,110,0,0,1600,3,5,69,1050,1,1,3,1,1,1,1,0,0,0,0,0,1,0,0,0,1,0,0,0
"524",9950,64,1999,74193,110,0,0,1600,3,5,69,1050,1,1,12,1,1,0,0,0,0,0,0,0,1,0,0,0,0,0,0,1
"525",8250,65,1999,74179,110,1,0,1600,3,5,69,1050,0,1,3,1,1,1,0,0,0,0,0,0,1,0,0,0,1,0,0,0
"526",8995,67,1999,73936,86,1,0,1300,5,5,69,1050,0,1,3,1,1,1,0,0,0,0,1,1,1,0,0,1,1,0,0,0
"527",9995,61,1999,73894,110,1,0,1600,3,6,85,1065,1,1,3,1,1,1,1,0,0,0,1,1,1,0,1,1,1,1,0,1
"528",9250,64,1999,73500,110,1,0,1600,3,5,69,1050,0,1,3,1,1,1,0,0,0,0,0,0,1,1,0,0,1,0,1,0
"529",10950,64,1999,73376,110,0,0,1600,5,5,85,1070,1,1,3,1,1,1,1,0,0,0,1,1,1,0,0,0,1,0,0,0
"530",8900,64,1999,73300,86,1,0,1300,3,5,69,1015,0,1,3,0,1,0,0,0,0,0,0,1,1,1,0,0,0,1,1,0
"531",9500,58,1999,73172,110,1,0,1600,5,5,85,1075,0,1,3,1,1,1,1,0,0,0,1,1,1,1,1,0,1,1,1,0
"532",9950,58,1999,72928,110,1,0,1600,5,5,85,1075,1,1,3,1,1,1,1,0,0,0,1,1,1,0,1,0,1,1,0,0
"533",7950,67,1999,72880,86,1,0,1332,3,5,69,1015,0,1,3,0,1,1,0,0,0,0,1,1,1,0,0,0,1,0,0,1
"534",8250,63,1999,72522,110,1,0,1600,3,5,69,1050,0,1,3,1,1,1,0,0,0,0,1,1,1,0,0,0,1,0,0,1
"535",9450,64,1999,72000,86,1,0,1300,3,5,69,1015,0,1,3,1,1,1,0,0,0,0,0,0,1,0,0,1,1,0,0,0
"536",7950,57,1999,72000,86,0,0,1300,3,5,69,1015,1,0,3,1,1,0,0,0,0,0,1,1,1,0,0,0,1,0,0,0
"537",9500,59,1999,71366,110,0,0,1600,3,6,85,1065,0,1,3,1,1,1,1,0,0,0,1,1,1,0,1,0,1,1,0,1
"538",8950,65,1999,71317,110,0,0,1600,3,5,69,1050,0,1,3,1,1,1,0,0,0,0,0,0,1,0,0,1,1,0,0,0
"539",10950,62,1999,71000,110,0,0,1600,5,5,85,1070,0,1,12,1,1,0,0,0,0,0,1,1,1,0,0,0,0,0,0,1
"540",8950,60,1999,70954,110,0,0,1600,3,5,69,1050,0,1,3,1,1,1,0,0,0,0,0,0,1,0,0,1,1,0,0,0
"541",9450,63,1999,70908,86,0,0,1300,5,5,69,1035,1,1,3,1,1,1,0,0,0,0,0,1,1,0,0,0,1,0,0,1
"542",8000,58,1999,70560,110,1,0,1600,3,5,69,1050,0,0,3,0,1,0,0,0,0,0,1,1,1,0,0,1,1,0,0,0
"543",9900,67,1999,70552,110,0,0,1600,5,5,85,1075,0,1,3,1,1,1,1,0,0,0,1,1,1,0,1,0,1,1,0,0
"544",8950,62,1999,70500,110,1,0,1600,5,5,69,1035,1,1,12,1,1,0,0,0,0,0,1,1,1,0,0,0,0,0,0,1
"545",9450,59,1999,70218,110,1,0,1600,3,5,69,1050,1,1,3,1,1,0,0,0,0,0,1,1,1,0,0,0,1,0,0,1
"546",8450,64,1999,70116,110,1,0,1600,4,5,69,1035,1,1,3,1,1,1,0,0,0,0,0,0,1,0,0,0,0,0,0,1
"547",9500,65,1999,70068,110,1,0,1600,5,5,85,1075,1,1,3,1,1,1,1,0,0,0,1,1,1,0,1,0,1,1,0,1
"548",10500,67,1999,70000,107,1,1,1587,3,5,19,1065,0,0,12,1,1,0,1,0,0,0,1,1,1,1,0,0,0,0,1,1
"549",6950,68,1999,70000,86,1,0,1300,3,5,69,1015,0,0,3,1,1,0,0,0,0,0,1,1,1,0,0,0,0,0,0,0
"550",9750,68,1999,69103,110,0,0,1600,4,5,69,1035,1,1,3,1,1,1,0,0,0,0,0,0,1,0,0,0,0,0,0,0
"551",6950,58,1999,69022,86,1,0,1300,5,5,69,1035,1,1,3,1,1,1,0,0,0,1,1,0,1,0,0,1,1,0,0,0
"552",9650,67,1999,69000,110,1,0,1600,3,6,85,1065,0,1,3,1,1,1,0,0,0,0,1,1,1,0,1,1,1,1,0,0
"553",9950,68,1999,68865,110,1,0,1600,3,6,85,1065,0,1,3,1,1,1,1,0,0,0,1,1,1,0,1,1,1,1,0,0
"554",9250,58,1999,68723,86,0,0,1300,3,5,69,1025,0,1,3,1,1,1,1,0,0,0,1,1,1,0,1,1,1,1,0,0
"555",8950,63,1999,68453,110,1,0,1600,5,5,85,1070,1,1,3,1,1,1,0,0,0,0,0,0,1,0,0,1,1,0,0,1
"556",9900,63,1999,68238,86,0,0,1300,5,5,69,1050,1,1,3,1,1,1,0,0,0,0,0,0,1,0,0,0,1,0,0,0
"557",10995,63,1999,68153,110,1,0,1600,5,5,85,1085,1,1,3,1,1,1,0,0,0,1,0,1,1,1,0,0,1,0,1,0
"558",10500,65,1999,68000,110,0,0,1600,5,5,85,1075,0,0,6,1,0,0,1,0,0,0,1,1,1,0,0,0,0,0,0,0
"559",8950,65,1999,68000,86,1,0,1300,3,5,69,1015,1,1,3,1,1,1,0,0,0,0,0,0,1,0,0,1,1,0,0,0
"560",9750,67,1999,67762,110,1,0,1600,3,6,85,1065,0,1,3,1,1,1,0,0,0,0,1,1,1,1,1,1,1,1,1,0
"561",10950,68,1999,67146,110,1,0,1600,5,5,85,1075,0,1,3,1,1,1,1,0,0,0,1,1,1,0,1,0,1,1,0,1
"562",9750,67,1999,67110,86,1,0,1300,5,5,69,1035,0,1,3,1,1,1,0,0,0,0,0,0,1,0,0,0,1,0,0,1
"563",9950,59,1999,67010,110,1,0,1600,3,6,85,1065,1,1,3,1,1,1,1,0,0,0,1,1,1,1,1,0,1,1,1,1
"564",10500,65,1999,67003,110,1,0,1600,4,5,69,1035,1,1,3,1,1,1,1,0,0,0,0,0,1,0,0,0,1,0,0,0
"565",10400,68,1999,66785,86,0,1,1300,3,5,69,1045,0,1,3,1,1,1,0,0,0,0,0,0,1,0,0,1,1,0,0,0
"566",8800,68,1999,66550,86,0,0,1332,3,5,69,1010,0,0,3,0,1,1,0,0,0,0,0,0,1,0,0,0,0,0,0,1
"567",10500,61,1999,66259,110,1,0,1600,3,6,85,1065,0,1,3,1,1,1,1,0,0,0,1,1,1,0,1,1,1,1,0,0
"568",9250,62,1999,66082,110,0,0,1600,5,5,85,1070,0,1,3,1,1,1,0,0,0,0,0,0,1,0,0,1,1,0,0,0
"569",7800,65,1999,66000,86,1,0,1300,3,5,69,1015,1,1,3,0,1,0,0,0,0,0,1,1,1,0,0,1,1,1,0,0
"570",9950,61,1999,66000,110,0,0,1600,3,5,69,1050,0,1,3,1,1,1,1,0,0,0,0,0,1,0,0,1,1,1,0,0
"571",10750,63,1999,65896,110,1,0,1600,3,6,85,1065,1,1,3,1,1,1,1,0,0,0,1,1,1,0,1,1,1,1,0,0
"572",10950,67,1999,65785,110,1,0,1600,5,5,85,1075,0,1,3,1,1,1,1,0,0,0,1,1,1,0,1,0,1,0,0,0
"573",9950,65,1999,65513,110,1,1,1600,4,5,85,1070,0,1,3,1,1,1,1,0,0,0,1,1,1,0,1,0,1,0,0,0
"574",9950,59,1999,65463,110,1,0,1600,5,5,85,1070,0,1,3,1,1,1,1,0,0,0,1,1,1,0,0,0,1,0,0,0
"575",8100,68,1999,65400,86,1,0,1300,4,5,69,1000,0,1,3,1,1,0,0,0,0,0,1,1,1,0,0,0,0,0,0,1
"576",9250,60,1999,65259,110,1,0,1600,3,5,69,1050,1,1,3,1,1,1,0,0,0,1,0,0,1,0,0,1,1,0,0,1
"577",7800,64,1999,65000,110,1,0,1600,3,5,69,1050,1,1,3,1,1,1,0,0,0,0,0,0,1,0,0,1,1,0,0,1
"578",9000,68,1999,65000,110,0,0,1600,5,5,85,1070,0,0,3,1,1,1,1,0,0,0,1,1,1,0,0,0,1,0,0,0
"579",8950,57,1999,65000,110,0,0,1600,4,5,69,1035,0,1,3,1,1,1,0,0,0,0,0,0,1,0,0,0,0,0,0,0
"580",8950,62,1999,64966,86,0,0,1300,3,5,69,1020,0,0,3,1,1,0,1,0,0,0,0,0,0,0,0,0,0,0,0,0
"581",9950,68,1999,64950,110,1,0,1600,5,5,85,1075,0,1,3,1,1,1,1,0,0,0,1,1,1,0,1,0,1,0,0,1
"582",8500,60,1999,64914,110,1,0,1600,5,5,85,1070,0,1,3,0,1,1,0,0,0,0,0,0,1,0,0,1,1,0,0,0
"583",7995,62,1999,64797,110,1,0,1600,5,5,85,1075,0,1,3,1,1,1,1,0,0,0,1,1,1,0,1,0,1,1,0,1
"584",8750,65,1999,64772,110,1,0,1600,3,5,69,1050,0,1,3,1,1,1,0,0,0,0,0,0,1,0,0,0,1,0,0,0
"585",9750,63,1999,64690,86,0,0,1300,3,5,69,1020,1,1,3,0,0,0,1,0,0,1,1,1,0,0,1,0,0,0,0,0
"586",10950,65,1999,64630,110,0,0,1600,5,5,85,1070,0,0,6,0,0,0,1,0,0,0,0,0,0,1,0,0,0,0,1,0
"587",9750,67,1999,64613,110,1,0,1600,5,5,85,1085,1,1,3,1,1,1,1,0,0,0,0,0,1,0,0,1,1,1,0,1
"588",8200,60,1999,64383,86,0,0,1300,3,5,69,1015,1,1,3,1,1,1,0,0,0,0,0,0,1,0,0,0,1,0,0,0
"589",8950,68,1999,64000,110,0,0,1600,5,5,85,1075,0,1,6,0,1,0,1,0,0,0,1,1,1,0,0,0,0,0,0,1
"590",9500,66,1999,63881,86,0,0,1300,3,5,69,1015,0,1,3,1,1,1,0,0,0,0,0,0,1,0,0,1,1,0,0,0
"591",9750,66,1999,63328,86,0,1,1300,5,5,85,1065,0,1,3,1,1,1,0,0,0,0,0,0,1,1,0,0,1,0,1,0
"592",9950,65,1999,63000,86,1,1,1300,5,5,85,1065,1,1,3,1,1,1,0,0,0,0,1,1,1,0,0,0,1,1,0,0
"593",10450,61,1999,63000,86,0,1,1300,3,5,69,1050,0,1,3,1,1,1,1,0,0,0,1,1,1,0,1,0,1,0,0,0
"594",9850,65,1999,62396,110,0,0,1600,3,5,69,1050,0,1,3,1,1,1,0,0,0,0,0,0,1,0,0,1,1,1,0,0
"595",9450,62,1999,62377,110,1,0,1600,5,5,85,1075,0,1,3,1,1,1,1,0,0,0,1,1,1,0,1,0,1,1,0,0
"596",10295,67,1999,62316,110,1,0,1600,3,5,69,1050,1,1,3,1,1,1,0,0,0,0,1,1,1,1,0,0,1,1,1,1
"597",9750,68,1999,62292,110,1,0,1600,3,6,85,1065,0,1,3,1,1,1,0,0,0,0,1,1,1,0,1,0,1,1,0,0
"598",8950,65,1999,62225,110,1,0,1600,3,5,69,1050,0,0,12,1,1,0,0,0,0,0,0,0,1,0,0,0,0,0,0,1
"599",9900,68,1999,62222,110,0,0,1600,5,5,85,1075,0,1,3,1,1,1,1,0,0,0,1,1,1,0,1,0,1,0,0,0
"600",8750,66,1999,62135,86,1,0,1300,5,5,69,1035,1,1,3,1,1,1,0,0,0,0,0,0,1,1,0,0,1,0,1,1
"601",9950,58,1999,62024,110,1,0,1600,5,5,85,1075,0,1,3,1,1,1,1,0,0,0,1,1,1,0,1,0,1,1,0,0
"602",8500,60,1999,61977,86,1,0,1300,3,5,69,1015,0,1,3,1,1,1,0,0,0,0,0,0,1,0,0,1,1,1,0,0
"603",9950,62,1999,61930,110,1,0,1600,4,5,69,1035,1,1,3,1,1,1,0,0,0,0,1,1,1,1,0,0,0,0,1,0
"604",10950,57,1999,61682,110,0,0,1600,3,5,69,1050,1,1,3,1,1,1,1,0,0,0,1,1,1,0,0,0,1,1,0,0
"605",9795,68,1999,61568,110,1,0,1600,4,5,69,1035,1,1,3,1,1,1,0,0,0,0,0,0,1,0,0,0,0,0,0,1
"606",8750,68,1999,61504,110,1,0,1600,4,5,69,1035,1,0,12,1,1,0,0,0,0,0,1,1,1,0,0,0,0,0,0,1
"607",8250,65,1999,61384,110,1,0,1600,3,5,69,1050,0,1,12,0,1,0,0,0,0,0,0,0,1,0,0,0,0,1,0,0
"608",9950,58,1999,61343,110,1,0,1600,5,5,85,1075,0,1,3,1,1,1,1,0,0,0,1,1,1,0,1,0,1,1,0,1
"609",9950,62,1999,61254,110,0,0,1600,5,5,85,1075,1,1,3,1,1,1,1,0,0,0,1,1,1,0,1,0,1,1,0,0
"610",10500,59,1999,61166,110,1,0,1600,3,5,69,1050,0,1,3,1,1,0,1,0,0,0,1,1,1,0,0,0,1,1,0,0
"611",9750,62,1999,61149,86,1,0,1300,5,5,69,1040,1,1,3,1,1,1,1,0,0,0,1,1,1,0,1,0,1,1,0,1
"612",11250,61,1999,61144,110,1,0,1600,5,5,85,1090,1,1,3,1,1,1,1,0,0,0,1,1,1,0,1,0,1,1,0,0
"613",8900,59,1999,61127,110,1,0,1600,3,5,69,1050,1,1,3,1,1,1,0,0,0,0,1,0,1,1,0,1,1,0,1,1
"614",7950,60,1999,61100,86,1,0,1300,3,5,69,1015,0,1,3,1,1,1,0,0,0,0,0,0,1,1,0,1,1,0,1,0
"615",11500,68,1999,61100,110,1,0,1600,5,5,85,1075,0,1,3,1,1,1,1,0,0,0,1,1,1,1,1,0,1,0,1,1
"616",9450,57,1999,61000,110,1,0,1600,3,5,69,1050,1,1,3,1,1,1,0,0,0,0,0,0,1,0,0,1,1,0,0,0
"617",7995,65,1999,60724,86,1,0,1300,3,5,69,1015,1,1,3,1,1,1,0,0,0,0,0,0,1,0,0,0,1,1,0,0
"618",10995,59,1999,60708,86,1,0,1300,5,5,69,1045,0,1,3,1,1,1,1,0,0,0,1,1,1,0,1,1,1,0,0,0
"619",8950,61,1999,60532,110,1,0,1600,3,5,69,1050,1,1,3,1,1,1,0,0,0,0,1,1,1,0,0,1,1,0,0,1
"620",8250,67,1999,60000,86,0,1,1300,4,5,69,1030,0,1,3,1,1,1,0,0,0,0,0,0,1,0,0,0,0,0,0,0
"621",8950,66,1999,60000,86,1,0,1300,3,5,69,1015,1,1,3,1,1,1,0,0,0,0,0,0,1,0,0,1,1,0,0,0
"622",8950,65,1999,60000,86,1,0,1300,3,5,69,1015,1,1,3,1,1,1,0,0,0,0,0,0,1,0,0,1,1,0,0,0
"623",9500,62,1999,59295,86,0,0,1300,5,5,69,1035,1,1,3,1,1,1,0,0,0,0,0,0,1,0,0,1,1,0,0,0
"624",7500,65,1999,59264,86,0,0,1300,3,5,69,1015,0,1,3,1,1,1,0,0,0,0,0,1,1,1,0,1,1,0,1,0
"625",8950,63,1999,59000,110,0,0,1600,3,5,69,1050,1,1,3,1,1,1,0,0,0,0,0,0,1,1,0,1,1,0,1,1
"626",9950,63,1999,59000,86,1,0,1300,5,5,19,1035,1,1,12,0,1,0,1,0,0,0,1,1,1,1,0,0,0,0,1,0
"627",9750,65,1999,59000,110,0,0,1600,5,5,19,1075,0,0,12,1,1,0,1,0,0,0,1,0,1,1,0,0,0,0,1,1
"628",9450,61,1999,59000,110,1,0,1600,5,5,85,1070,1,1,3,1,1,1,1,0,0,0,0,0,1,0,0,1,1,0,0,0
"629",9950,65,1999,59000,110,0,0,1600,3,5,69,1050,0,1,3,1,1,1,0,0,0,0,0,0,1,0,0,0,1,0,0,0
"630",9750,68,1999,58860,110,1,0,1600,3,5,85,1055,1,1,3,1,1,1,1,0,0,0,1,1,1,0,1,0,1,0,0,1
"631",8950,65,1999,58829,110,0,0,1600,3,5,69,1050,1,1,3,1,1,1,0,0,0,0,0,0,1,0,0,0,1,0,0,0
"632",8250,66,1999,58654,110,1,0,1600,5,5,85,1070,1,1,3,1,1,1,0,0,0,0,0,0,1,0,0,0,1,0,0,0
"633",7750,65,1999,58300,86,1,0,1300,3,5,69,1015,1,1,3,1,1,1,0,0,0,0,0,0,1,1,0,1,1,0,1,0
"634",8950,60,1999,58269,110,1,0,1600,3,5,69,1050,0,1,3,1,1,1,0,0,0,0,0,0,1,0,0,1,1,0,0,0
"635",9950,64,1999,58136,110,1,0,1600,5,5,85,1075,0,1,3,1,1,1,1,0,0,0,1,1,1,0,1,0,1,1,0,1
"636",9450,66,1999,58113,107,1,1,1600,3,5,85,1085,1,1,3,1,1,1,1,0,0,0,1,1,1,0,1,0,1,0,0,0
"637",12950,67,1999,58058,110,1,0,1600,3,6,85,1065,0,1,3,1,1,1,1,0,0,0,1,1,1,0,1,1,1,1,0,0
"638",9950,58,1999,58000,110,1,0,1600,3,5,69,1050,0,1,3,0,1,0,1,0,0,0,1,1,1,0,0,1,1,0,0,0
"639",10495,62,1999,58000,110,1,0,1600,3,6,85,1065,1,1,3,1,1,1,1,0,0,0,1,1,1,1,1,1,1,1,1,1
"640",7950,68,1999,57565,86,1,0,1300,5,5,69,1035,0,1,3,1,1,1,0,0,0,0,0,0,1,0,0,1,1,0,0,1
"641",10500,63,1999,57413,107,0,1,1600,5,5,85,1115,1,1,3,1,1,1,0,0,0,0,0,0,1,0,0,1,1,0,0,0
"642",8950,65,1999,57374,110,1,0,1600,5,5,85,1075,0,1,3,1,1,1,1,0,0,0,1,1,1,0,1,0,1,1,0,0
"643",9900,62,1999,57179,110,1,0,1600,5,5,85,1075,0,1,3,1,1,1,1,0,0,0,1,1,1,0,1,0,1,1,0,0
"644",9995,61,1999,57169,110,1,0,1600,3,6,85,1065,0,1,3,1,1,1,1,0,0,0,1,1,1,0,1,1,1,1,0,0
"645",9950,63,1999,57124,110,1,0,1600,3,6,85,1065,0,1,3,1,1,1,1,0,0,0,1,1,1,0,1,1,1,1,0,0
"646",9950,63,1999,57000,110,1,0,1600,3,5,69,1050,0,1,3,1,1,1,1,0,0,0,0,0,1,0,0,1,1,0,0,0
"647",8250,67,1999,57000,110,0,0,1600,3,5,69,1050,0,1,3,1,1,1,0,0,0,0,0,0,1,0,0,1,1,0,0,0
"648",9950,63,1999,57000,86,1,0,1300,5,5,69,1035,0,1,3,1,1,1,0,0,0,0,0,0,1,0,0,0,1,0,0,0
"649",8950,59,1999,56259,86,0,0,1300,3,5,69,1015,0,1,3,0,1,1,0,0,0,0,0,0,1,0,0,0,1,0,0,0
"650",10950,62,1999,56209,107,1,1,1600,3,5,85,1080,1,1,3,1,1,1,0,0,0,0,1,1,1,0,0,1,1,1,0,0
"651",9250,67,1999,56074,86,0,0,1300,4,5,69,1000,1,1,3,1,1,1,0,0,0,0,0,0,1,0,0,0,0,0,0,0
"652",9950,63,1999,55942,110,1,0,1600,5,5,85,1070,1,1,3,1,1,1,1,0,0,0,1,1,1,1,0,1,1,0,1,0
"653",9995,57,1999,55844,86,1,0,1300,5,5,69,1045,0,1,3,1,1,1,1,0,0,0,1,1,1,0,1,0,1,1,0,1
"654",8750,61,1999,55747,86,0,0,1300,3,5,69,1020,0,1,3,1,1,1,1,0,0,0,1,1,1,0,1,0,1,1,0,0
"655",10950,58,1999,55478,86,0,0,1300,5,5,69,1045,0,1,3,1,1,1,1,0,0,0,1,1,1,0,1,0,1,1,0,0
"656",10350,60,1999,55085,107,0,1,1600,5,5,85,1105,1,1,3,1,1,1,1,0,0,0,1,1,1,0,1,0,1,1,0,1
"657",9950,65,1999,55061,110,1,0,1600,5,5,85,1070,0,1,3,1,1,1,0,0,0,0,1,1,1,0,0,1,1,0,0,0
"658",8950,65,1999,55000,86,1,0,1300,3,5,69,1015,0,0,6,0,1,0,0,0,0,0,0,0,0,0,0,0,0,0,0,0
"659",10950,57,1999,55000,110,0,0,1600,5,5,85,1075,0,1,3,1,1,1,1,0,0,0,1,1,1,0,1,0,1,1,0,0
"660",10950,63,1999,54936,110,1,0,1600,5,5,85,1075,1,1,3,1,1,1,1,0,0,0,1,1,1,0,1,0,1,1,0,0
"661",8950,68,1999,54875,110,1,0,1600,5,5,85,1070,1,1,3,1,1,1,0,0,0,0,0,0,1,0,0,1,1,0,0,0
"662",8900,67,1999,54847,110,0,0,1600,3,5,69,1050,1,1,3,1,1,1,1,0,0,0,1,1,1,0,0,0,1,0,0,0
"663",10250,60,1999,54554,110,1,0,1600,3,6,85,1065,1,1,3,1,1,1,1,0,0,0,1,1,1,0,1,1,1,1,0,0
"664",9450,61,1999,54125,110,1,0,1600,5,5,69,1035,0,1,6,1,1,0,0,0,0,0,1,1,1,1,0,0,0,0,1,1
"665",9250,61,1999,54000,110,1,0,1600,3,5,85,1055,1,1,3,1,1,1,1,0,0,0,1,1,1,0,1,0,1,0,0,1
"666",10500,57,1999,54000,110,1,0,1600,5,5,85,1075,0,1,6,1,1,0,1,0,0,0,1,0,1,0,0,0,0,0,0,0
"667",7350,58,1999,54000,86,0,0,1300,5,5,69,1035,0,0,3,1,1,1,0,0,0,0,0,0,1,0,0,1,1,0,0,0
"668",10250,57,1999,54000,110,1,0,1600,3,5,19,1135,0,0,3,0,1,1,1,0,0,0,1,1,1,0,0,0,0,0,0,1
"669",10250,62,1999,53285,110,1,0,1600,5,5,85,1075,1,1,3,1,1,1,1,0,0,0,1,1,1,0,1,0,1,0,0,0
"670",11500,65,1999,53053,110,1,0,1600,5,5,85,1075,0,1,3,1,1,1,1,0,0,1,1,1,1,0,1,0,1,1,0,0
"671",8950,68,1999,53000,110,1,1,1587,3,5,19,1075,0,1,6,1,1,0,1,0,0,0,1,1,1,0,0,0,0,0,0,0
"672",7750,68,1999,53000,86,0,0,1300,3,5,69,1015,0,0,3,1,1,1,0,0,0,0,0,0,1,0,0,0,1,0,0,0
"673",9500,64,1999,52968,110,1,0,1600,3,5,69,1050,1,1,3,1,1,1,0,0,0,0,0,0,1,0,0,1,1,0,0,1
"674",8450,67,1999,52800,86,1,0,1300,3,5,69,1015,0,1,3,0,1,0,0,0,0,0,1,1,1,0,0,1,1,0,0,1
"675",8950,57,1999,52548,110,0,0,1600,3,5,69,1050,0,1,3,1,1,1,1,0,0,0,1,1,1,1,0,1,1,0,1,1
"676",8400,60,1999,52487,110,1,0,1600,4,5,69,1035,0,1,3,1,1,1,0,0,0,0,0,0,1,1,0,0,0,0,1,1
"677",9250,66,1999,52383,86,0,0,1300,3,5,69,1015,0,1,3,1,1,1,0,0,0,0,0,0,1,0,0,1,1,0,0,0
"678",8900,61,1999,52112,110,1,0,1600,4,5,69,1035,0,0,6,1,1,1,1,0,0,0,1,1,1,0,0,0,1,0,0,1
"679",8750,58,1999,51712,110,0,0,1600,3,5,69,1050,0,1,3,1,1,1,1,0,0,1,1,1,1,0,0,1,1,1,0,0
"680",10950,58,1999,51421,110,0,1,1600,5,3,85,1105,0,0,6,0,1,0,0,0,0,0,1,1,1,0,0,0,0,0,0,0
"681",8950,61,1999,51235,86,1,0,1300,4,5,69,1000,0,1,3,1,1,1,0,0,0,0,0,0,1,1,0,0,0,0,1,1
"682",8950,65,1999,51000,86,1,0,1300,3,5,69,1015,0,0,3,0,1,0,0,0,0,0,0,1,1,0,0,0,0,0,0,0
"683",8895,61,1999,50925,110,1,0,1600,5,5,85,1070,1,1,3,1,1,1,0,0,0,0,0,0,1,1,0,0,1,0,1,1
"684",8750,59,1999,50469,110,1,0,1600,5,5,85,1070,1,1,3,1,1,1,1,0,0,0,0,0,1,0,0,1,1,1,0,0
"685",9750,61,1999,50173,110,1,0,1600,5,5,85,1075,0,1,3,1,1,1,1,0,0,0,1,1,1,0,1,0,1,1,0,0
"686",9950,62,1999,50000,110,1,0,1600,5,5,85,1075,0,1,3,1,1,1,1,0,0,1,1,1,1,0,1,0,1,1,0,0
"687",10950,65,1999,49942,110,0,0,1600,3,6,85,1065,0,1,3,1,1,1,1,0,0,0,1,1,1,0,1,0,1,1,0,0
"688",9900,67,1999,49585,110,0,0,1600,5,5,85,1085,1,1,3,1,1,1,0,0,0,0,0,0,1,0,0,0,1,1,0,1
"689",9500,62,1999,49258,110,1,0,1600,4,5,69,1035,0,1,3,0,1,1,1,0,0,0,0,1,1,0,0,0,0,0,0,1
"690",9950,61,1999,49000,110,0,0,1600,3,5,69,1050,0,1,3,1,1,1,1,0,0,0,0,0,1,0,0,0,1,0,0,0
"691",9950,63,1999,48738,110,0,0,1600,5,5,85,1055,0,1,12,1,1,0,1,0,0,0,1,1,1,0,0,0,0,0,0,1
"692",10500,62,1999,47750,86,1,0,1300,5,5,69,1040,0,1,3,1,1,1,1,0,0,0,1,1,1,0,1,0,1,1,0,0
"693",9950,63,1999,47612,86,0,0,1300,3,5,69,1015,0,1,3,1,1,1,0,0,0,0,0,0,1,0,0,1,1,0,0,0
"694",10495,68,1999,47500,86,1,0,1300,5,5,69,1035,1,1,3,1,1,1,0,0,0,0,1,1,1,0,0,0,1,0,0,0
"695",9500,66,1999,47237,110,0,0,1600,3,5,69,1050,0,1,12,0,1,0,0,0,0,0,1,1,1,0,0,0,0,1,0,0
"696",8500,58,1999,47171,86,1,0,1300,3,5,69,1015,1,1,3,1,1,1,0,0,0,0,1,1,1,1,0,0,1,0,1,0
"697",10450,60,1999,47060,110,0,0,1600,4,5,69,1035,1,1,3,1,1,1,1,0,0,0,0,0,1,0,0,0,0,0,0,0
"698",8950,65,1999,47014,86,1,0,1300,3,5,69,1015,0,1,3,1,1,1,0,0,0,0,0,0,1,0,0,0,1,0,0,0
"699",9900,59,1999,46929,86,1,0,1300,3,5,69,1025,1,1,3,1,1,1,1,0,0,0,1,1,1,1,1,1,1,0,1,1
"700",8900,63,1999,46000,86,0,0,1300,5,5,69,1035,0,1,3,1,1,1,0,0,0,0,0,0,1,0,0,1,1,0,0,0
"701",8745,65,1999,45681,110,0,0,1600,3,5,69,1050,0,1,3,1,1,1,0,0,0,0,0,0,1,0,0,1,1,0,0,0
"702",8750,65,1999,45549,86,1,0,1300,3,5,69,1015,0,0,12,0,1,0,0,0,0,0,0,0,1,0,0,0,0,0,0,0
"703",10750,57,1999,45000,110,1,0,1600,5,5,69,1050,0,1,6,1,1,0,1,0,0,0,1,1,1,0,0,0,0,1,0,1
"704",9750,57,1999,45000,110,1,0,1600,3,5,69,1050,0,0,6,0,0,0,0,0,0,0,0,0,0,0,0,0,0,0,0,0
"705",8850,65,1999,45000,110,0,0,1600,5,5,85,1075,0,0,3,1,1,1,1,0,0,0,1,1,1,0,1,0,1,1,0,0
"706",7950,66,1999,45000,86,1,0,1300,5,5,69,1035,0,1,3,1,1,1,0,0,0,0,0,0,1,0,0,1,1,0,0,0
"707",9450,63,1999,45000,110,1,0,1600,4,5,69,1035,1,1,12,0,0,0,0,0,0,0,0,0,0,0,0,0,0,0,0,0
"708",9950,61,1999,45000,107,0,1,1600,3,5,85,1085,0,0,3,1,1,1,1,0,0,0,1,1,1,0,1,0,1,0,0,1
"709",8250,63,1999,44944,110,1,0,1600,4,5,69,1035,0,1,3,1,1,1,1,0,0,0,1,1,1,0,0,0,0,0,0,1
"710",9950,61,1999,44597,86,0,0,1300,3,5,19,1015,0,1,3,1,1,0,0,0,0,0,0,0,1,1,0,0,0,0,1,0
"711",9995,68,1999,44458,86,0,0,1300,3,5,69,1015,1,1,3,0,1,1,0,0,0,0,0,0,1,0,0,0,1,1,0,0
"712",9950,59,1999,43818,110,0,0,1600,5,5,85,1070,0,1,3,1,1,1,1,0,0,0,0,0,1,0,0,0,1,0,0,1
"713",10495,60,1999,43426,110,1,0,1600,5,5,85,1070,1,1,3,1,1,1,0,0,0,0,0,0,1,1,0,0,1,0,1,1
"714",7950,58,1999,43000,110,1,1,1600,4,3,72,1114,0,0,3,1,1,0,0,0,0,0,1,1,1,0,0,0,0,0,0,0
"715",8950,68,1999,43000,110,1,0,1600,5,5,69,1035,0,0,6,1,0,0,0,0,0,0,0,0,1,0,0,0,0,0,0,0
"716",9695,57,1999,43000,110,0,0,1600,5,5,85,1075,0,0,6,1,1,0,1,0,0,0,0,0,1,1,0,0,0,1,1,1
"717",7750,64,1999,43000,86,0,0,1300,3,5,69,1015,0,0,3,0,0,0,0,0,0,0,0,0,0,0,0,0,0,0,0,0
"718",9950,68,1999,42750,110,1,0,1600,3,5,69,1050,0,1,3,1,1,1,0,0,0,0,0,0,1,0,0,0,1,0,0,0
"719",9950,67,1999,42102,110,1,0,1600,5,5,85,1075,1,1,3,1,1,1,1,0,0,0,1,1,1,0,1,0,1,1,0,0
"720",9950,63,1999,41586,110,1,0,1600,5,5,19,1114,0,1,3,0,1,0,0,0,0,0,0,0,1,0,0,0,0,0,0,0
"721",9900,64,1999,41200,110,0,0,1600,5,5,85,1070,0,1,6,0,1,0,0,0,0,0,1,0,1,0,0,0,0,0,0,0
"722",10950,57,1999,40214,86,0,0,1300,3,5,69,1025,1,1,3,1,1,1,1,0,0,0,1,1,1,0,1,1,1,1,0,0
"723",8950,60,1999,40000,86,1,0,1300,4,5,69,1000,1,1,3,1,1,1,0,0,0,0,0,0,1,0,0,0,0,0,0,0
"724",8950,66,1999,39222,86,1,1,1300,3,5,69,1045,1,1,3,1,1,1,0,0,0,0,0,0,1,0,0,1,1,0,0,1
"725",8250,66,1999,39144,110,1,0,1600,3,5,69,1050,1,1,3,1,1,1,0,0,0,0,1,1,1,0,0,0,1,0,0,0
"726",10250,62,1999,39000,110,1,0,1600,5,5,85,1075,1,1,3,1,1,1,1,0,0,0,1,1,1,0,1,0,1,1,0,0
"727",8750,61,1999,38019,110,1,0,1600,5,5,85,1070,1,1,3,1,1,1,1,0,0,0,0,0,1,0,0,1,1,0,0,1
"728",9750,68,1999,37759,110,1,0,1600,5,5,85,1070,1,1,3,1,1,1,0,0,0,0,0,0,1,0,0,1,1,0,0,0
"729",10950,61,1999,37500,110,0,0,1600,5,5,85,1085,1,1,3,1,1,1,0,0,0,0,0,0,1,0,0,0,1,0,0,0
"730",10950,60,1999,37111,110,1,0,1600,3,5,69,1050,1,1,3,1,1,1,0,0,0,0,1,1,1,0,0,1,1,0,0,1
"731",9750,62,1999,37000,86,0,0,1300,3,5,69,1015,0,1,3,1,1,1,0,0,0,0,0,0,1,0,0,0,1,0,0,1
"732",8900,59,1999,36954,110,1,0,1600,3,5,69,1050,1,1,3,1,1,1,0,0,0,0,1,1,1,1,0,1,1,0,1,1
"733",9500,60,1999,36943,110,0,0,1600,5,5,85,1070,1,1,3,1,1,1,0,0,0,0,0,0,1,0,0,1,1,0,0,1
"734",9950,63,1999,36923,86,0,0,1300,5,5,69,1050,0,1,3,1,1,1,0,0,0,0,0,0,1,0,0,1,1,0,0,0
"735",9950,66,1999,36658,110,0,0,1600,3,5,69,1050,0,1,3,1,1,1,1,0,0,0,1,1,1,0,0,1,1,0,0,1
"736",8250,65,1999,36000,86,1,0,1300,3,5,69,1015,0,1,3,1,1,1,0,0,0,0,0,0,1,0,0,0,1,0,0,0
"737",10450,65,1999,36000,110,1,0,1600,3,6,85,1065,1,1,3,1,1,1,1,0,0,0,1,1,1,0,1,1,1,1,0,0
"738",10950,62,1999,35512,110,1,0,1600,3,6,85,1065,0,1,3,1,1,1,1,0,0,0,1,1,1,0,1,1,1,1,0,0
"739",9250,65,1999,35283,86,1,0,1300,3,5,69,1015,0,1,3,1,1,1,0,0,0,0,1,1,1,0,0,0,1,0,0,0
"740",8900,68,1999,35000,110,1,0,1600,3,5,69,1050,1,1,3,1,1,1,0,0,0,1,1,0,1,0,0,1,1,0,0,0
"741",10900,57,1999,35000,86,1,0,1300,5,5,69,1045,1,1,3,1,1,1,1,0,0,0,1,1,1,0,1,1,1,0,0,0
"742",9750,64,1999,34114,110,0,0,1600,3,5,69,1050,1,1,3,1,1,1,0,0,0,0,0,0,1,0,0,1,1,0,0,0
"743",11950,58,1999,34000,110,0,0,1600,5,5,85,1075,0,1,3,1,1,1,1,0,0,0,1,1,1,0,1,0,1,1,0,0
"744",7900,68,1999,33847,86,1,0,1300,4,5,69,1000,1,1,3,1,1,1,0,0,0,0,0,0,1,0,0,0,0,0,0,0
"745",10900,57,1999,33535,110,0,0,1600,4,5,69,1035,0,1,3,0,0,0,0,0,0,0,0,0,0,0,0,0,0,0,0,0
"746",10450,65,1999,33000,110,0,0,1600,3,5,69,1050,0,1,3,1,1,1,0,0,0,0,0,0,1,0,0,0,1,1,0,0
"747",10950,59,1999,32150,110,1,0,1600,5,5,85,1085,0,1,3,1,1,1,1,0,0,1,0,1,1,0,0,1,1,1,0,1
"748",9950,65,1999,31588,86,1,0,1300,3,5,69,1015,1,1,3,0,1,0,0,0,0,0,0,0,1,0,0,0,1,0,0,0
"749",10750,60,1999,31480,110,1,0,1600,3,6,85,1065,0,1,3,1,1,1,1,0,0,0,1,1,1,0,1,0,1,1,0,0
"750",9900,57,1999,31307,110,1,0,1600,5,5,85,1070,1,1,3,1,1,1,0,0,0,0,0,0,1,0,0,1,1,0,0,0
"751",10750,68,1999,31000,110,1,0,1600,4,5,69,1035,0,1,3,0,1,0,1,0,0,0,1,1,1,1,0,0,0,0,1,0
"752",10450,58,1999,30634,110,1,0,1600,5,5,85,1075,1,1,3,1,1,1,1,0,0,0,1,1,1,0,1,0,1,1,0,1
"753",9450,68,1999,30300,86,1,0,1300,4,5,69,1000,1,1,12,1,1,0,0,0,0,0,1,1,1,0,0,0,0,0,0,1
"754",10750,60,1999,28500,86,1,1,1300,3,5,69,1045,0,1,3,1,1,1,0,0,0,0,1,1,1,1,0,0,1,0,1,0
"755",10950,60,1999,28500,110,0,0,1600,5,5,85,1075,0,1,3,1,1,1,1,0,0,0,1,1,1,0,1,0,1,1,0,0
"756",10000,57,1999,28000,86,0,0,1300,3,5,69,1015,0,1,3,1,1,1,0,0,0,0,1,1,1,0,0,1,1,0,0,0
"757",10500,68,1999,26698,110,0,0,1600,3,5,85,1055,0,1,3,1,1,1,1,0,0,0,1,1,1,0,1,0,1,0,0,0
"758",12500,62,1999,26000,107,0,1,1600,3,5,85,1085,0,1,3,1,1,1,1,0,0,0,1,1,1,0,0,0,1,0,0,0
"759",8950,62,1999,25505,86,1,0,1300,5,5,69,1035,1,1,3,1,1,1,0,0,0,0,1,1,1,0,0,1,1,0,0,1
"760",10500,58,1999,25000,110,1,0,1600,5,5,85,1075,0,0,6,1,1,0,0,0,0,0,1,0,1,0,0,0,0,0,0,0
"761",9245,66,1999,22835,110,1,0,1600,3,5,69,1050,1,1,3,1,1,1,0,0,0,0,1,1,1,0,0,0,1,0,0,0
"762",10950,59,1999,22705,110,1,0,1600,5,5,85,1075,1,1,3,1,1,1,1,0,0,0,1,1,1,0,1,0,1,1,0,0
"763",9500,63,1999,22178,86,1,0,1300,3,5,69,1015,0,1,3,1,1,1,0,0,0,0,1,1,1,0,0,0,1,0,0,0
"764",10900,62,1999,17345,110,1,0,1600,3,5,69,1050,0,1,3,0,1,0,0,0,0,0,1,1,1,0,0,0,1,0,0,0
"765",10950,67,1999,15535,86,1,1,1300,4,5,69,1030,0,1,3,1,1,1,0,0,0,0,0,0,1,0,0,0,0,0,0,1
"766",9450,66,1999,15110,86,0,0,1300,5,5,69,1035,0,1,3,1,1,1,0,0,0,0,0,0,1,0,0,1,1,0,0,0
"767",6500,78,1998,130000,86,0,0,1300,5,5,19,1015,0,1,3,1,1,0,0,0,0,0,0,0,1,0,0,0,0,0,0,0
"768",7250,77,1998,128960,110,1,0,1600,5,5,85,1070,0,1,3,0,1,0,1,0,0,0,1,1,1,1,0,1,1,0,1,1
"769",9250,80,1998,128351,110,1,0,1600,5,5,85,1070,0,1,3,0,1,0,1,0,0,0,1,1,1,0,0,0,1,0,0,0
"770",8250,73,1998,128006,110,1,0,1600,3,5,69,1050,1,1,3,0,1,0,0,0,0,0,1,1,1,0,0,0,1,1,0,0
"771",5250,72,1998,126478,110,1,0,1600,4,5,69,1035,0,1,3,1,1,1,1,0,0,0,0,0,1,0,0,0,0,1,0,0
"772",7900,77,1998,126000,110,1,0,1600,5,5,69,1050,0,0,6,0,0,0,0,0,0,0,0,0,1,0,0,0,0,0,0,0
"773",6900,76,1998,125778,110,0,0,1600,3,5,69,1050,0,1,3,1,1,1,0,0,0,0,0,0,1,0,0,1,1,0,0,0
"774",7900,75,1998,125400,110,0,0,1600,3,5,69,1050,0,0,6,0,0,0,0,0,0,0,1,1,1,0,0,0,0,0,0,0
"775",8450,70,1998,124743,110,1,0,1600,3,5,69,1050,0,1,3,0,1,0,0,0,0,0,1,1,1,0,0,0,1,1,0,1
"776",7950,76,1998,124591,110,1,0,1600,5,5,85,1075,1,1,3,0,1,0,1,0,0,0,1,1,1,0,0,0,1,0,0,0
"777",7950,74,1998,124057,110,1,0,1600,3,5,69,1050,1,1,3,1,1,0,0,0,0,0,0,0,1,0,0,1,1,0,0,0
"778",6450,72,1998,123403,110,1,0,1600,3,5,69,1050,1,1,3,0,1,0,1,0,0,0,1,1,1,1,0,0,1,0,1,1
"779",6650,75,1998,123104,110,1,0,1600,5,5,85,1070,0,1,3,1,1,1,0,0,0,0,0,0,1,0,0,1,1,0,0,0
"780",7950,74,1998,123077,86,1,0,1300,3,5,69,1015,0,1,3,1,1,0,0,0,0,0,0,0,1,0,0,1,1,0,0,0
"781",7250,80,1998,122820,86,0,0,1300,5,5,69,1040,0,1,3,1,1,1,1,0,0,0,1,1,1,0,1,0,1,1,0,0
"782",7450,77,1998,122290,110,0,0,1600,3,5,69,1050,0,1,3,1,1,1,0,0,0,0,0,0,1,1,0,1,1,1,1,1
"783",7950,74,1998,121900,110,1,0,1600,4,5,69,1035,0,1,3,1,1,1,1,0,0,0,1,1,1,0,0,0,0,0,0,1
"784",7250,77,1998,121545,110,1,0,1600,5,5,85,1070,0,1,3,0,1,0,0,0,0,0,0,0,1,0,0,0,1,0,0,1
"785",7750,74,1998,120196,110,1,0,1600,3,5,69,1050,0,1,3,1,1,1,1,0,0,0,1,1,1,0,1,1,1,1,0,0
"786",8500,71,1998,120000,110,0,0,1600,5,5,85,1085,0,1,3,1,1,1,0,0,0,0,0,0,1,0,0,1,1,1,0,0
"787",7750,78,1998,120000,110,0,0,1600,5,5,85,1075,0,1,3,0,1,0,0,0,0,0,1,1,1,0,1,0,1,0,0,1
"788",5750,73,1998,115877,110,0,0,1600,4,5,69,1035,0,1,3,0,1,0,1,0,0,0,0,0,1,0,0,0,0,0,0,1
"789",6900,76,1998,115345,110,1,0,1600,5,5,85,1070,0,1,3,0,1,0,0,0,0,0,1,1,1,0,0,0,1,0,0,1
"790",6500,71,1998,115157,110,1,0,1600,3,5,69,1050,0,1,3,0,1,0,0,0,0,0,1,1,0,1,0,0,0,1,1,0
"791",6500,78,1998,115000,107,1,1,1600,5,5,85,1100,0,1,3,0,1,1,1,0,0,0,0,0,1,0,0,1,1,0,0,1
"792",7600,77,1998,114258,86,1,0,1300,5,5,69,1050,0,1,3,1,1,1,0,0,0,0,0,0,1,0,0,1,1,0,0,1
"793",7450,74,1998,112307,110,1,0,1600,5,5,85,1070,1,1,3,0,1,0,0,0,0,0,1,1,1,0,0,0,1,0,0,1
"794",7350,72,1998,112000,86,1,0,1300,3,5,69,1015,0,1,3,0,1,0,0,0,0,0,1,1,1,0,0,0,1,0,0,0
"795",7750,73,1998,111602,86,1,0,1300,3,5,69,1015,0,1,3,0,1,0,0,0,0,0,1,1,1,0,0,1,1,0,0,0
"796",7460,80,1998,111392,110,0,0,1598,3,5,197,1083,0,1,3,0,1,0,0,0,0,0,1,1,1,0,0,0,0,1,0,0
"797",9250,76,1998,110901,110,1,0,1600,5,5,85,1085,1,1,3,0,1,0,1,0,0,0,1,1,1,0,0,0,1,0,0,0
"798",7250,80,1998,110887,110,1,0,1600,3,5,85,1055,0,1,3,0,1,0,0,0,0,0,1,1,1,0,1,0,1,0,0,0
"799",6500,72,1998,110634,86,1,0,1300,3,5,69,1015,1,1,3,0,1,0,0,0,0,0,1,1,1,0,0,1,1,1,0,0
"800",6800,80,1998,110000,110,1,0,1600,4,5,69,1035,0,1,3,0,1,1,1,0,0,0,1,1,1,1,0,0,0,0,1,1
"801",8700,75,1998,109540,110,0,0,1600,5,5,85,1085,1,1,3,1,1,1,1,0,0,0,1,1,1,0,0,1,1,0,0,0
"802",7500,78,1998,109263,110,0,0,1600,5,5,85,1070,0,1,3,0,1,0,0,0,0,0,0,0,1,0,0,0,0,0,0,1
"803",7750,71,1998,107516,110,1,0,1600,3,5,69,1050,1,1,3,1,1,1,0,0,0,0,0,0,1,0,0,1,1,0,0,0
"804",7950,73,1998,107108,110,1,0,1600,3,5,69,1050,0,1,3,0,1,0,0,0,0,0,1,1,1,0,0,1,1,0,0,1
"805",9950,75,1998,107000,110,1,0,1600,3,5,69,1050,0,1,3,1,1,1,1,0,0,0,1,0,1,0,0,1,1,1,0,0
"806",6640,74,1998,106250,110,0,0,1600,5,5,85,1070,0,1,3,0,1,0,0,0,0,0,0,0,1,0,0,0,1,0,0,0
"807",8750,71,1998,106150,86,0,0,1300,3,5,19,1015,0,1,3,1,1,0,0,0,0,0,0,0,0,0,0,0,0,0,0,0
"808",7750,72,1998,106108,110,1,0,1600,3,5,69,1050,0,1,3,0,1,0,0,0,0,0,1,1,1,0,0,0,1,1,0,0
"809",5950,72,1998,105856,86,0,0,1300,3,5,69,1015,0,1,3,0,1,0,0,0,0,0,0,1,1,1,0,1,1,0,1,0
"810",6750,77,1998,105152,86,0,0,1300,3,5,69,1015,0,1,3,1,1,1,0,0,0,0,0,0,1,0,0,1,1,0,0,0
"811",6500,80,1998,105135,110,1,0,1600,3,5,69,1050,0,1,3,0,1,0,1,0,0,0,0,0,1,0,0,1,1,0,0,1
"812",8750,76,1998,104344,110,1,0,1600,3,5,69,1050,0,1,6,0,1,0,1,0,0,0,1,1,1,1,0,0,0,0,1,0
"813",7950,74,1998,104150,110,1,0,1600,3,5,69,1050,0,1,3,0,1,0,0,0,0,0,1,1,1,1,0,1,1,0,1,0
"814",6750,74,1998,104000,86,1,0,1300,3,5,69,1010,0,1,3,1,1,1,0,0,0,0,0,0,1,0,0,0,1,0,0,0
"815",7950,73,1998,103121,86,1,0,1300,5,5,69,1035,0,1,3,1,1,1,0,0,0,0,1,1,0,0,0,0,0,0,0,0
"816",7950,80,1998,102300,86,1,0,1300,3,5,69,1015,0,0,3,0,1,0,0,0,0,0,0,0,1,0,0,0,0,0,0,1
"817",8950,75,1998,102005,107,1,1,1600,5,5,85,1105,0,1,3,1,1,1,0,0,0,1,1,1,1,0,1,0,1,0,0,0
"818",7750,77,1998,102000,86,1,0,1300,3,5,69,1015,1,1,3,0,1,0,0,0,0,0,0,0,1,0,0,0,1,0,0,0
"819",6450,75,1998,101855,110,1,0,1600,5,5,85,1070,0,1,3,0,1,1,0,0,0,0,0,0,1,1,0,0,1,0,1,1
"820",6900,74,1998,101773,110,0,0,1600,3,5,69,1050,0,1,3,1,1,1,1,0,0,0,0,0,1,0,0,1,1,0,0,0
"821",8450,75,1998,101159,110,1,0,1600,5,5,85,1085,0,1,3,1,1,1,0,0,0,0,1,1,1,0,0,1,1,0,0,0
"822",6750,74,1998,101000,86,0,0,1300,3,5,19,1015,0,1,3,0,1,0,0,0,0,0,1,1,1,0,0,0,0,0,0,0
"823",8050,74,1998,100732,86,1,1,1300,4,5,69,1030,0,1,3,0,1,0,0,0,0,0,0,0,1,0,0,0,0,0,0,1
"824",9500,79,1998,100719,110,0,0,1600,5,5,85,1070,0,1,3,0,1,0,1,0,0,0,1,1,1,0,0,0,1,0,0,0
"825",7750,78,1998,100487,110,0,0,1600,4,5,69,1035,1,1,3,0,1,1,1,0,0,0,1,1,1,0,0,0,0,0,0,0
"826",8500,80,1998,100458,110,0,0,1600,5,5,85,1085,0,1,3,0,1,0,1,0,0,0,0,0,1,0,0,0,1,0,0,0
"827",7795,75,1998,100192,110,1,0,1600,3,5,69,1050,1,1,3,0,1,0,1,0,0,1,1,1,1,0,0,0,1,1,0,0
"828",6490,80,1998,100123,110,1,0,1600,3,5,69,1050,1,1,3,0,1,0,0,0,0,0,0,0,1,1,0,0,1,0,1,0
"829",7950,73,1998,99971,110,1,0,1600,3,5,69,1050,0,1,3,0,1,0,1,0,0,0,1,1,1,0,0,1,1,0,0,0
"830",6425,79,1998,99397,86,0,0,1300,5,5,69,1035,0,1,3,1,1,1,0,0,0,0,0,0,1,0,0,1,1,0,0,1
"831",8950,69,1998,99374,86,1,0,1300,5,5,69,1035,0,1,3,1,1,1,0,0,0,0,0,0,1,0,0,0,1,0,0,1
"832",6950,72,1998,99245,110,1,0,1600,5,5,19,1114,0,0,3,1,1,0,0,0,0,0,1,1,1,0,1,0,0,0,0,0
"833",8750,79,1998,98742,110,0,0,1600,5,5,85,1085,1,1,3,0,1,0,0,0,0,0,0,0,1,0,0,0,1,0,0,0
"834",8450,71,1998,98154,110,1,0,1600,3,5,69,1050,0,1,6,0,1,0,1,0,0,0,1,1,1,0,0,0,0,1,0,0
"835",7950,77,1998,98000,110,1,0,1600,5,5,19,1065,0,0,3,1,1,0,1,0,0,0,1,1,1,0,0,0,0,1,0,1
"836",7950,80,1998,97548,86,0,0,1300,5,5,69,1035,1,1,3,0,1,0,0,0,0,0,0,0,1,0,0,0,1,1,0,0
"837",8900,78,1998,97534,110,1,0,1600,5,5,85,1070,0,0,3,0,1,0,0,0,0,0,0,0,1,1,0,0,0,0,1,1
"838",8950,73,1998,97494,110,1,0,1600,5,5,85,1085,1,1,3,1,1,1,0,0,0,1,1,1,1,0,0,1,1,0,0,0
"839",8900,73,1998,97085,110,1,0,1600,5,5,85,1085,1,1,3,0,1,0,0,0,0,0,1,0,1,1,0,0,1,0,1,1
"840",7950,69,1998,97000,110,0,0,1600,4,5,69,1035,1,1,12,0,0,0,0,0,0,0,0,0,0,0,0,0,0,0,0,0
"841",6495,74,1998,96302,86,1,0,1300,3,5,69,1015,0,1,3,1,1,1,0,0,0,0,0,0,1,0,0,1,1,0,0,1
"842",7250,78,1998,96000,86,1,0,1300,3,5,69,1015,0,0,3,0,1,0,0,0,0,0,0,0,1,0,0,0,1,1,0,1
"843",9250,74,1998,96000,110,1,0,1600,5,5,85,1085,1,1,3,1,1,1,0,0,0,0,0,0,1,0,0,1,1,0,0,1
"844",6650,78,1998,95909,110,1,0,1600,5,5,85,1070,0,1,3,1,1,1,0,0,0,0,0,0,1,0,0,1,1,0,0,1
"845",6990,79,1998,95700,110,0,0,1600,5,5,85,1085,0,0,3,0,1,0,0,0,0,0,0,0,1,0,0,0,0,0,0,0
"846",7750,78,1998,95651,110,1,0,1600,5,5,85,1070,0,1,3,1,1,1,0,0,0,0,0,0,1,1,0,0,1,0,1,1
"847",6950,79,1998,95000,86,1,0,1300,5,5,69,1035,1,1,3,1,1,1,0,0,0,0,0,0,1,0,0,1,1,0,0,0
"848",7250,80,1998,94447,110,0,0,1600,3,5,69,1050,0,1,3,1,1,0,0,0,0,0,1,1,1,1,0,1,1,0,1,0
"849",9950,80,1998,94079,110,1,0,1600,5,5,85,1085,1,1,3,1,1,0,1,0,0,0,1,1,1,1,0,0,1,0,1,1
"850",9250,80,1998,93841,110,0,0,1600,5,5,85,1070,0,0,6,1,1,0,0,0,0,0,0,1,1,0,0,0,0,0,0,0
"851",7200,79,1998,93090,86,1,0,1300,5,5,69,1035,0,1,3,1,1,1,0,0,0,0,1,1,1,0,0,1,1,0,0,1
"852",8250,72,1998,93066,110,1,0,1600,5,5,85,1075,0,1,3,1,1,1,0,0,0,0,1,1,1,0,1,0,1,1,0,1
"853",8950,79,1998,93039,110,1,0,1600,3,5,69,1050,0,1,3,0,1,0,0,0,0,0,1,1,1,0,1,0,1,1,0,0
"854",8250,77,1998,93000,110,1,0,1600,5,5,85,1075,0,1,3,0,1,0,1,0,0,0,1,1,1,0,0,0,1,0,0,1
"855",6250,80,1998,92830,86,1,0,1300,3,5,69,1015,0,1,3,1,1,1,0,0,0,0,0,0,1,0,0,0,1,0,0,0
"856",9900,80,1998,92255,107,0,1,1600,5,5,85,1105,1,1,3,0,1,0,0,0,0,0,1,1,1,0,0,0,1,0,0,0
"857",7300,80,1998,92096,86,1,0,1300,5,5,69,1035,0,1,3,0,1,0,1,0,0,0,0,0,1,0,0,0,1,0,0,1
"858",8950,72,1998,91921,86,1,0,1300,3,5,69,1020,0,1,6,0,1,0,0,0,0,0,1,1,1,0,0,0,0,0,0,0
"859",6500,70,1998,91900,86,1,0,1300,3,5,69,1015,0,1,3,0,1,0,0,0,0,0,1,1,1,0,0,1,1,1,0,0
"860",7950,78,1998,91399,110,1,0,1600,5,5,85,1070,1,1,3,1,1,1,0,0,0,1,0,1,1,0,0,1,1,0,0,1
"861",7450,75,1998,91082,110,1,0,1600,3,5,69,1050,1,1,3,0,1,0,0,0,0,0,0,0,1,0,0,0,1,0,0,1
"862",7950,71,1998,90370,86,1,0,1300,5,5,69,1035,1,1,3,1,1,1,0,0,0,0,0,0,1,0,0,1,1,1,0,0
"863",8500,78,1998,90345,86,1,0,1300,5,5,69,1035,0,0,6,0,1,0,0,0,0,0,1,1,1,0,0,0,0,0,0,1
"864",6950,77,1998,90305,86,1,0,1300,3,5,69,1015,0,1,3,1,1,1,0,0,0,0,0,0,1,0,0,1,1,0,0,1
"865",7950,78,1998,90011,86,0,1,1300,3,5,69,1045,1,1,3,1,1,1,0,0,0,0,0,0,1,0,0,1,1,0,0,0
"866",6750,77,1998,90000,86,1,0,1300,3,5,69,1015,0,1,3,0,1,0,0,0,0,0,0,0,1,1,0,0,1,0,1,0
"867",8450,70,1998,89983,110,0,0,1600,3,5,85,1055,1,1,3,1,1,1,1,0,0,0,1,1,1,0,1,0,1,1,0,0
"868",7500,78,1998,89953,110,0,0,1600,5,5,19,1114,0,1,3,0,1,0,0,0,0,0,0,0,1,0,0,0,0,0,0,0
"869",8750,79,1998,89739,86,1,0,1300,5,5,69,1035,1,1,3,0,1,0,0,0,0,0,0,0,1,0,0,0,1,0,0,0
"870",8950,76,1998,89520,110,1,0,1600,3,5,69,1050,1,1,3,0,1,0,0,0,0,0,0,0,1,0,0,0,1,0,0,0
"871",7450,75,1998,89507,86,0,0,1300,3,5,69,1015,0,1,3,1,1,1,0,0,0,0,0,0,1,0,0,1,1,0,0,0
"872",9200,69,1998,89096,110,1,0,1600,5,5,85,1085,0,1,3,1,1,1,0,0,0,0,1,0,1,1,0,1,1,0,1,0
"873",8950,74,1998,88700,110,1,0,1600,3,5,69,1050,0,1,3,1,1,1,0,0,0,0,0,0,1,0,0,1,1,0,0,0
"874",7850,72,1998,88500,110,1,0,1600,5,5,85,1075,0,0,3,1,1,1,1,0,0,0,1,1,1,0,1,0,1,0,0,1
"875",7200,75,1998,88000,110,1,0,1600,3,5,69,1050,0,1,3,0,1,0,0,0,0,0,1,1,1,1,0,1,1,0,1,1
"876",7450,78,1998,87743,110,0,0,1600,3,5,85,1055,0,1,3,0,1,0,0,0,0,0,1,1,1,0,1,0,1,0,0,0
"877",6750,75,1998,87613,86,0,0,1300,3,5,69,1015,0,1,3,1,1,1,0,0,0,0,0,0,1,0,0,1,1,0,0,0
"878",7500,73,1998,87358,110,1,0,1600,3,5,69,1050,1,1,3,1,1,0,0,0,0,0,1,1,1,0,1,1,1,1,0,0
"879",7450,72,1998,87083,110,0,0,1600,4,5,69,1035,1,1,3,0,1,0,1,0,0,0,1,1,1,0,0,0,1,0,0,1
"880",7950,70,1998,87000,110,1,0,1600,4,5,69,1035,1,1,3,1,1,1,0,0,0,0,0,0,1,0,0,0,0,0,0,0
"881",7250,78,1998,87000,110,1,0,1600,4,5,69,1035,0,1,3,1,1,1,1,0,0,0,0,0,1,0,0,0,0,0,0,1
"882",7950,73,1998,87000,86,1,0,1300,3,5,69,1015,0,1,12,0,1,0,0,0,0,0,0,0,1,1,0,0,0,0,1,0
"883",8250,80,1998,87000,86,1,0,1300,3,5,69,1015,0,1,3,0,1,0,0,0,0,0,0,0,1,1,0,0,1,0,1,1
"884",8250,72,1998,86860,110,0,0,1600,5,5,85,1075,1,1,3,1,1,1,1,0,0,0,1,1,1,0,1,0,1,1,0,0
"885",6750,80,1998,86109,110,1,0,1600,3,5,85,1055,0,1,3,1,1,1,1,0,0,0,1,1,1,1,1,0,1,0,1,1
"886",8750,79,1998,86000,86,1,0,1300,5,5,69,1040,0,0,3,0,1,0,0,0,0,1,1,1,1,0,0,0,0,0,0,1
"887",8950,80,1998,86000,110,0,0,1600,3,5,19,1050,0,1,3,1,1,0,1,1,0,0,1,1,1,0,1,0,0,0,0,0
"888",8250,80,1998,85565,110,0,0,1600,5,5,85,1070,0,1,3,1,1,1,1,0,0,0,1,1,1,0,0,1,1,1,0,1
"889",9450,70,1998,85470,107,0,1,1600,3,5,85,1080,0,1,3,1,1,1,1,0,0,0,0,0,1,0,0,1,1,0,0,1
"890",7950,73,1998,85200,110,1,0,1600,3,5,69,1050,1,1,3,0,1,0,0,0,0,0,0,0,1,0,0,0,1,0,0,0
"891",7900,70,1998,85000,110,1,0,1600,3,5,85,1055,1,1,3,1,1,1,1,0,0,0,1,1,1,0,1,0,1,0,0,0
"892",8500,73,1998,84988,110,1,0,1600,3,5,69,1050,0,1,3,0,1,0,0,0,0,0,0,0,1,0,0,0,1,0,0,1
"893",8250,79,1998,84966,110,0,0,1600,5,5,85,1070,0,1,3,1,1,1,1,0,0,0,1,1,1,0,0,1,1,0,0,1
"894",8250,76,1998,84472,110,1,0,1600,5,5,85,1070,1,1,3,0,1,0,0,0,0,0,0,0,1,1,0,0,1,0,1,1
"895",8950,73,1998,84402,110,1,0,1600,4,5,69,1035,1,1,3,1,1,0,1,0,0,0,1,1,1,0,0,0,0,0,0,0
"896",7950,74,1998,84123,110,0,0,1600,3,5,69,1050,0,1,3,1,1,1,0,0,0,0,0,0,1,0,0,1,1,0,0,0
"897",6950,80,1998,84000,110,0,0,1600,5,5,85,1075,0,1,3,1,1,1,1,0,0,0,1,1,1,0,1,0,1,1,0,0
"898",7250,78,1998,84000,110,1,0,1600,5,5,19,1065,0,1,3,1,1,0,1,0,0,0,0,0,1,1,0,0,0,0,1,1
"899",7750,77,1998,84000,110,1,0,1600,5,5,85,1085,0,0,3,1,1,1,0,0,0,0,0,0,1,0,0,1,1,0,0,0
"900",8700,75,1998,83850,110,1,0,1600,3,5,85,1055,0,1,3,1,1,1,1,0,0,0,1,1,1,0,1,0,1,0,0,0
"901",8950,80,1998,83540,110,1,0,1600,5,5,85,1070,1,1,12,0,1,0,0,0,0,0,0,0,1,0,0,0,0,0,0,1
"902",6750,76,1998,83405,110,1,0,1600,5,5,85,1070,0,1,3,1,1,1,0,0,0,0,0,0,1,0,0,1,1,0,0,1
"903",7500,71,1998,83291,110,1,0,1600,5,5,85,1070,0,1,3,1,1,1,1,0,0,0,0,0,1,0,0,0,1,0,0,1
"904",7950,69,1998,83133,86,0,0,1300,3,5,69,1015,0,1,3,1,1,1,0,0,0,0,0,0,1,0,0,1,1,0,0,0
"905",8950,71,1998,83047,86,1,1,1300,3,5,69,1045,0,1,3,1,1,1,0,0,0,0,0,0,1,0,0,1,1,0,0,1
"906",7950,71,1998,82700,110,0,0,1600,3,5,69,1050,0,1,3,0,1,0,0,0,0,0,1,1,1,1,0,0,1,0,1,0
"907",7450,78,1998,82675,86,0,0,1300,3,5,69,1015,0,1,3,1,1,1,0,0,0,0,0,0,1,0,0,1,1,0,0,0
"908",5950,78,1998,82595,86,1,0,1300,3,5,19,1015,0,0,3,0,1,0,0,0,0,0,0,0,1,0,0,0,0,0,0,0
"909",7750,75,1998,82256,110,1,0,1600,3,5,69,1050,0,1,3,1,1,0,0,0,0,0,1,1,1,0,0,1,1,0,0,0
"910",6950,77,1998,82103,86,1,0,1300,3,5,69,1015,1,1,3,0,1,0,0,0,0,0,0,0,1,0,0,1,1,0,0,0
"911",8750,80,1998,82021,86,1,0,1300,5,5,69,1035,1,1,3,0,1,0,0,0,0,0,0,0,1,0,0,0,1,0,0,0
"912",8950,71,1998,82000,110,1,0,1600,5,5,85,1075,0,0,3,0,1,0,1,0,0,0,1,1,1,0,0,0,0,1,0,0
"913",7495,79,1998,81988,110,1,0,1600,5,5,85,1070,1,1,3,0,1,0,0,0,0,0,1,0,1,1,0,0,1,0,1,1
"914",7750,76,1998,81930,110,0,0,1600,5,5,85,1070,1,1,3,1,1,1,0,0,0,0,0,0,1,0,0,1,1,0,0,1
"915",6950,70,1998,81663,110,0,0,1600,3,5,69,1050,0,1,3,0,1,0,0,0,0,0,1,1,1,0,0,0,0,0,0,1
"916",7990,77,1998,80486,110,1,0,1600,5,5,85,1070,0,1,3,0,1,0,0,0,0,0,0,0,1,1,0,0,1,0,1,1
"917",7250,78,1998,80000,110,1,0,1600,4,5,19,1065,0,0,3,1,1,0,1,0,0,0,0,0,1,0,0,0,0,0,0,1
"918",6900,69,1998,79000,86,0,0,1300,3,5,69,1015,0,1,3,1,1,1,0,0,0,0,0,0,1,0,0,0,1,0,0,0
"919",7750,74,1998,78894,110,0,0,1600,5,5,85,1070,0,1,3,0,1,0,0,0,0,0,0,0,1,0,0,0,1,0,0,1
"920",7250,78,1998,78689,110,0,0,1600,4,5,69,1035,0,1,3,1,1,1,0,0,0,0,0,0,1,0,0,0,0,0,0,0
"921",8950,77,1998,78435,86,0,0,1300,3,5,69,1015,0,1,3,0,0,0,0,0,0,0,0,0,0,0,0,0,0,0,0,0
"922",8500,71,1998,78260,110,0,0,1600,3,5,69,1050,0,0,12,1,0,0,0,0,0,0,0,0,1,0,0,0,0,0,0,1
"923",7950,72,1998,78120,110,1,0,1600,5,5,85,1075,1,1,3,1,1,1,0,0,0,0,1,1,1,0,1,0,1,0,0,0
"924",6950,77,1998,77000,86,0,0,1300,3,5,19,1015,0,1,3,1,1,0,0,0,0,0,0,0,1,0,0,0,0,0,0,0
"925",8000,78,1998,77000,110,0,0,1600,3,5,69,1050,0,0,3,0,1,0,0,0,0,0,1,1,1,0,0,0,1,0,0,1
"926",7950,75,1998,76382,110,1,0,1600,3,5,85,1055,0,1,3,0,1,0,0,0,0,1,1,1,1,0,1,0,1,0,0,1
"927",8500,76,1998,76268,86,1,0,1300,3,5,69,1015,1,1,3,0,1,0,0,0,0,0,0,0,1,0,0,0,1,0,0,0
"928",7490,73,1998,76151,86,1,0,1300,3,5,69,1015,0,1,3,0,1,1,0,0,0,0,0,0,1,0,1,1,1,1,0,0
"929",8250,80,1998,76000,110,0,0,1600,3,5,69,1050,1,1,3,0,1,0,0,0,0,0,1,1,1,0,0,0,1,1,0,0
"930",9250,71,1998,76000,110,1,0,1600,5,5,85,1070,0,1,3,1,1,1,1,0,0,0,1,1,1,0,0,0,1,0,0,1
"931",7950,72,1998,75840,86,0,0,1300,5,5,69,1035,0,1,3,1,1,1,0,0,0,0,0,0,1,0,0,1,1,0,0,0
"932",9500,77,1998,75799,110,1,0,1600,3,5,19,1050,0,0,3,0,1,0,0,0,0,0,0,0,1,0,0,0,0,0,0,0
"933",8950,72,1998,75525,110,1,0,1600,3,5,19,1114,0,0,6,0,1,0,0,0,0,0,1,1,1,1,0,0,0,1,1,0
"934",8450,78,1998,75323,86,1,0,1300,5,5,69,1050,0,0,12,0,1,0,0,0,0,0,0,0,1,0,0,0,0,0,0,1
"935",7995,79,1998,75322,110,1,0,1600,4,5,85,1115,0,0,6,0,1,0,0,0,0,0,0,0,1,0,0,0,0,0,0,1
"936",8750,78,1998,75226,110,0,0,1600,4,5,69,1035,0,1,6,0,0,0,0,0,0,0,0,0,1,0,0,0,0,0,0,1
"937",5950,71,1998,75085,86,0,0,1300,5,5,69,1035,0,1,3,1,1,1,0,0,0,0,0,0,1,0,0,1,1,0,0,0
"938",8500,73,1998,75000,110,0,0,1600,5,5,85,1075,0,0,3,0,1,0,1,0,0,0,1,1,1,0,1,0,1,0,0,0
"939",8950,69,1998,75000,86,1,0,1300,4,5,69,1000,1,0,12,0,0,0,0,0,0,0,0,0,0,0,0,0,0,0,0,0
"940",8750,69,1998,75000,86,1,0,1300,4,5,69,1000,1,1,3,1,1,1,1,0,0,1,1,1,1,0,1,0,0,0,0,1
"941",7600,78,1998,74926,110,1,0,1600,5,5,85,1075,0,1,6,0,1,0,0,0,0,0,1,1,1,0,0,0,0,0,0,1
"942",7145,80,1998,74785,110,1,0,1600,5,5,85,1070,0,1,3,1,1,1,0,0,0,0,0,0,1,0,0,1,1,0,0,1
"943",8450,69,1998,74573,110,1,0,1600,5,5,85,1085,1,1,3,1,1,1,0,0,0,0,0,0,1,0,0,1,1,0,0,0
"944",5950,75,1998,74567,86,1,0,1300,3,5,19,1015,0,0,3,0,0,0,0,0,0,0,0,0,1,0,0,0,0,0,0,0
"945",9000,80,1998,74196,110,0,0,1600,5,5,85,1075,0,1,3,1,1,1,1,0,0,1,1,1,1,0,1,0,1,1,0,1
"946",7250,80,1998,74151,110,1,0,1600,3,5,69,1050,0,1,3,0,1,1,0,0,0,0,0,0,1,0,0,1,1,0,0,1
"947",7400,75,1998,74096,110,1,0,1600,3,5,69,1050,0,1,3,0,1,0,0,0,0,1,1,1,1,0,0,1,1,0,0,0
"948",8800,79,1998,74093,110,1,0,1600,5,5,85,1075,1,1,3,1,1,1,1,0,0,0,1,1,1,0,1,0,1,1,0,0
"949",7750,71,1998,74000,110,0,0,1600,3,5,69,1050,0,0,3,1,1,1,1,0,0,0,0,0,1,0,0,1,1,0,0,1
"950",7500,75,1998,74000,86,1,0,1300,3,5,69,1015,0,1,3,1,1,1,0,0,0,0,0,0,1,0,0,1,1,0,0,0
"951",8450,78,1998,73638,86,1,1,1300,4,5,19,1015,0,1,12,0,1,0,0,0,0,0,1,1,1,0,0,0,0,0,0,0
"952",7400,75,1998,73460,110,1,0,1600,5,5,85,1070,0,1,3,0,1,0,0,0,0,1,0,0,1,0,0,0,1,0,0,1
"953",7500,80,1998,73200,110,1,0,1600,5,5,85,1070,0,1,3,0,1,1,0,0,0,0,1,1,1,0,0,1,1,0,0,0
"954",8950,76,1998,73116,110,1,0,1600,5,5,85,1075,0,1,3,0,1,0,1,0,0,0,1,1,1,0,1,0,1,1,0,0
"955",8950,70,1998,73014,110,1,0,1600,5,5,85,1075,0,1,3,1,1,1,1,0,0,0,1,1,1,0,1,0,1,0,0,1
"956",7950,77,1998,72703,110,1,0,1600,3,5,69,1050,0,1,3,1,1,1,0,0,0,0,0,0,1,0,0,1,1,0,0,0
"957",7950,79,1998,72328,110,1,0,1600,5,5,85,1075,0,1,3,0,1,0,0,0,0,0,1,1,1,0,1,0,1,0,0,1
"958",7950,78,1998,72222,110,1,0,1600,5,5,85,1070,0,1,3,1,1,0,1,0,0,0,1,1,1,0,0,0,1,0,0,0
"959",8950,71,1998,72128,107,1,1,1600,5,5,85,1100,0,1,3,1,1,1,0,0,0,0,1,1,1,0,0,1,1,0,0,1
"960",7750,78,1998,72090,110,1,0,1600,5,5,85,1070,1,1,3,0,1,0,0,0,0,0,0,0,1,1,0,0,1,0,1,1
"961",8250,78,1998,72000,110,1,0,1600,4,5,69,1035,1,0,3,0,1,0,1,0,0,0,1,1,1,0,0,0,0,0,0,1
"962",7950,78,1998,72000,110,0,0,1600,3,5,85,1055,1,1,3,0,1,0,0,0,0,0,1,1,1,0,1,0,1,0,0,0
"963",7750,77,1998,71900,86,1,0,1300,3,5,69,1015,1,1,3,0,1,0,0,0,0,0,0,0,1,0,0,0,1,0,0,0
"964",8500,77,1998,71825,110,0,0,1600,5,5,85,1075,0,1,3,0,1,0,0,0,0,0,1,1,1,0,0,0,1,0,0,0
"965",6950,80,1998,71740,110,1,0,1600,5,5,85,1070,0,1,6,0,1,0,0,0,0,0,0,0,1,1,0,0,0,0,1,1
"966",7500,80,1998,71500,110,1,0,1600,4,5,69,1035,0,1,3,1,1,1,0,0,0,0,0,0,1,0,0,0,0,0,0,1
"967",7750,79,1998,71359,110,1,0,1600,3,5,69,1050,1,1,3,1,1,1,1,0,0,0,0,0,1,0,0,1,1,0,0,0
"968",5950,79,1998,71263,86,0,0,1300,3,5,69,1015,0,0,6,0,0,0,0,0,0,1,0,0,1,0,0,0,0,0,0,0
"969",7500,78,1998,71186,110,0,0,1600,3,5,69,1050,0,1,3,1,1,1,1,0,0,0,0,0,1,0,0,1,1,0,0,0
"970",8950,72,1998,71054,86,0,1,1300,3,5,69,1045,0,1,6,0,0,0,0,0,0,0,0,0,0,0,0,0,0,0,0,0
"971",7950,76,1998,71000,110,1,0,1600,3,5,69,1050,1,0,12,0,0,0,0,0,0,0,0,0,0,0,0,0,0,0,0,0
"972",6900,80,1998,70939,110,1,1,1600,5,5,85,1100,0,1,3,0,0,0,0,0,0,0,1,1,1,0,0,0,0,0,0,1
"973",7450,77,1998,70932,110,1,0,1600,3,5,69,1050,1,1,3,1,1,1,0,0,0,0,1,1,1,0,0,1,1,0,0,0
"974",8500,80,1998,70597,107,1,1,1600,3,5,85,1080,1,1,3,1,1,1,0,0,0,1,1,0,1,0,0,1,1,0,0,1
"975",7500,73,1998,70482,110,1,0,1600,5,5,19,1075,0,1,3,1,1,0,0,0,0,0,0,0,1,0,0,0,0,0,0,0
"976",8750,77,1998,70124,110,1,0,1600,3,5,69,1050,1,1,3,0,1,0,0,0,0,0,1,0,1,1,0,0,1,0,1,0
"977",7500,76,1998,70039,110,1,0,1600,3,5,69,1050,1,1,3,1,1,0,0,0,0,0,0,0,1,0,0,1,1,0,0,1
"978",9950,80,1998,69904,110,0,0,1600,5,5,85,1070,0,1,3,0,1,0,1,0,0,0,1,1,1,0,0,0,1,0,0,0
"979",7950,75,1998,69388,86,0,0,1300,3,5,69,1010,0,0,6,0,0,0,0,0,0,0,0,0,0,0,0,0,0,0,0,0
"980",9950,75,1998,69320,110,1,0,1600,5,5,85,1070,1,1,3,0,1,0,1,0,0,0,1,1,1,0,0,0,1,0,0,0
"981",9250,78,1998,69000,110,1,0,1600,5,5,85,1075,0,1,3,0,1,0,0,0,0,1,1,1,1,0,1,0,1,0,0,0
"982",9250,73,1998,68988,86,1,0,1300,5,5,69,1035,1,1,3,0,1,0,0,0,0,0,0,0,1,0,0,0,1,1,0,0
"983",9950,79,1998,68945,110,1,0,1600,5,5,85,1085,1,1,3,0,1,1,1,0,0,0,1,1,1,0,0,0,1,0,0,1
"984",5950,74,1998,68285,110,1,0,1600,3,5,69,1050,1,1,3,1,1,1,0,0,0,0,0,1,1,0,0,1,1,0,0,0
"985",7995,76,1998,68000,110,1,0,1600,5,5,85,1075,0,1,3,0,1,0,1,0,0,0,1,1,1,1,0,0,0,0,1,1
"986",8950,70,1998,68000,86,1,1,1300,3,5,69,1045,1,1,3,1,1,1,0,0,0,0,0,0,1,0,0,0,1,0,0,0
"987",7450,75,1998,67451,86,1,0,1300,4,5,69,1000,0,1,3,1,1,1,0,0,0,1,0,0,1,0,0,0,0,0,0,0
"988",8250,76,1998,67266,86,1,0,1300,5,5,69,1035,0,1,3,0,1,0,0,0,0,0,1,0,1,1,0,1,1,0,1,0
"989",8500,78,1998,67255,110,0,0,1600,5,5,85,1085,0,1,3,0,1,0,0,0,0,0,0,0,1,0,0,0,1,0,0,0
"990",8500,70,1998,67100,110,1,0,1600,5,5,85,1075,0,1,3,1,1,1,1,0,0,0,1,1,1,1,1,0,1,1,1,0
"991",7250,80,1998,66880,110,1,0,1600,3,5,85,1055,1,1,3,1,1,1,0,0,0,0,1,1,1,0,1,0,1,1,0,1
"992",8950,79,1998,66855,110,1,0,1600,5,5,85,1075,0,1,3,1,1,1,1,0,0,0,1,1,1,0,1,0,1,1,0,1
"993",9450,80,1998,66843,110,1,0,1600,5,5,85,1075,1,1,3,1,1,1,1,0,0,0,1,1,1,0,1,0,1,1,0,0
"994",8500,74,1998,66718,110,1,0,1600,3,5,69,1050,0,0,3,0,1,0,1,0,0,0,1,1,1,0,0,0,0,0,0,0
"995",6750,80,1998,66168,86,1,0,1300,3,5,69,1015,1,1,3,1,1,0,0,0,0,0,0,0,1,0,0,0,1,0,0,0
"996",7400,80,1998,65950,110,0,0,1600,5,5,85,1070,0,1,3,1,1,1,0,0,0,0,0,0,1,0,0,1,1,0,0,0
"997",8950,78,1998,65500,86,1,0,1300,3,5,69,1015,1,1,3,0,0,0,0,0,0,0,0,0,1,0,0,0,0,0,0,0
"998",6900,80,1998,65307,110,1,0,1600,3,5,85,1055,1,1,3,1,1,1,0,0,0,0,1,1,1,0,1,0,1,1,0,1
"999",7750,79,1998,65254,86,1,0,1300,3,5,69,1015,1,1,3,0,1,0,0,0,0,1,0,0,1,0,0,0,1,0,0,1
"1000",6950,75,1998,65006,86,1,0,1300,3,5,69,1015,0,1,3,0,1,0,0,0,0,0,0,0,1,1,0,1,1,0,1,0
"1001",8495,77,1998,64280,110,0,0,1600,4,5,69,1035,1,1,3,0,1,0,0,0,0,0,0,0,1,0,0,0,0,1,0,0
"1002",10000,75,1998,64000,107,0,1,1600,3,5,85,1085,0,1,3,0,1,0,0,0,0,0,1,1,1,0,1,0,1,0,0,0
"1003",6999,71,1998,64000,110,1,0,1600,5,5,85,1070,0,1,3,0,1,1,0,0,0,0,0,0,1,0,0,0,1,0,0,1
"1004",8950,80,1998,64000,110,0,0,1600,3,5,85,1055,0,1,3,0,1,0,0,0,0,0,1,1,1,0,1,0,1,0,0,0
"1005",8500,79,1998,63918,110,0,0,1600,4,5,69,1035,0,1,6,0,1,0,0,0,0,0,1,1,1,0,0,0,0,0,0,0
"1006",8750,75,1998,63634,110,1,0,1600,4,5,69,1035,0,1,3,1,1,0,1,0,0,0,1,1,1,0,0,0,1,1,0,0
"1007",7499,80,1998,63500,110,1,0,1600,3,5,69,1050,0,0,3,0,1,0,0,0,0,0,1,1,1,0,0,0,0,0,0,1
"1008",9000,80,1998,63266,110,1,0,1600,4,5,69,1035,1,1,3,0,1,0,1,0,0,0,1,0,1,0,0,0,0,0,0,0
"1009",8950,77,1998,62595,110,1,0,1600,3,5,69,1050,1,1,3,1,1,1,0,0,0,0,0,0,1,0,0,1,1,0,0,0
"1010",6950,80,1998,62581,110,0,0,1600,5,5,85,1075,0,1,3,0,1,0,0,0,0,0,1,1,1,0,0,0,1,0,0,0
"1011",8500,77,1998,62285,110,1,0,1600,5,5,85,1075,1,1,3,1,1,0,1,0,0,0,1,1,1,0,1,0,1,1,0,1
"1012",8450,77,1998,61906,86,1,1,1300,5,5,85,1065,0,1,3,1,1,1,0,0,0,0,1,1,1,0,1,1,1,0,0,0
"1013",8950,74,1998,61700,110,0,0,1600,5,5,85,1070,0,1,3,0,1,0,1,0,0,0,0,0,1,0,0,0,1,0,0,0
"1014",8250,77,1998,61648,110,1,0,1600,5,5,85,1070,1,1,3,1,1,0,0,0,0,0,1,0,1,0,0,1,1,0,0,1
"1015",7950,75,1998,61626,86,0,0,1300,5,5,69,1035,0,1,6,1,1,0,0,0,0,0,0,0,1,0,0,0,0,0,0,0
"1016",7450,70,1998,61510,110,0,0,1600,4,5,69,1035,1,1,3,1,1,1,0,0,0,0,0,0,1,0,0,0,0,0,0,1
"1017",9000,79,1998,61165,107,1,1,1600,3,5,85,1080,1,1,3,1,1,1,1,0,0,0,0,0,1,0,0,1,1,0,0,0
"1018",7150,70,1998,61000,110,1,0,1600,4,5,69,1035,0,1,3,1,1,1,0,0,0,0,1,1,1,0,0,0,0,0,0,1
"1019",7750,76,1998,60833,110,1,0,1600,4,5,69,1035,0,1,3,1,1,1,0,0,0,0,0,0,1,0,0,0,0,0,0,0
"1020",5845,70,1998,60600,86,0,0,1300,3,5,85,1060,0,0,3,0,1,0,0,0,0,0,0,0,1,1,0,0,0,0,1,0
"1021",8500,72,1998,60483,110,1,0,1600,5,5,85,1075,1,1,3,1,1,1,0,0,0,0,1,1,1,0,0,0,1,0,0,0
"1022",8250,80,1998,60476,110,1,0,1600,5,5,19,1114,0,1,3,1,1,0,1,1,0,0,1,1,1,0,1,0,0,0,0,0
"1023",9450,79,1998,60142,110,0,0,1600,3,5,69,1050,1,1,12,0,1,0,0,0,0,0,1,1,1,0,0,0,0,0,0,0
"1024",6750,69,1998,60050,110,1,0,1600,3,5,69,1050,0,1,3,1,1,1,0,0,0,0,0,0,1,0,0,0,1,0,0,1
"1025",8400,77,1998,60000,110,1,0,1600,3,5,69,1050,0,1,3,1,1,1,0,0,0,1,1,1,1,0,0,1,1,0,0,0
"1026",7900,76,1998,60000,110,0,0,1600,3,5,69,1050,1,1,3,1,1,1,0,0,0,0,0,0,1,0,0,1,1,0,0,0
"1027",7950,76,1998,59815,110,1,0,1587,3,5,85,1055,0,0,6,0,1,1,1,0,0,0,1,1,1,0,1,0,0,0,0,1
"1028",8750,80,1998,59326,110,1,0,1600,5,5,85,1085,1,1,3,0,1,0,0,0,0,0,0,0,1,0,0,0,1,0,0,0
"1029",9900,73,1998,59240,110,1,0,1600,3,5,69,1050,1,1,3,1,1,1,1,0,0,0,1,1,1,1,0,1,1,0,1,0
"1030",6495,71,1998,59164,110,0,0,1600,4,5,69,1035,0,1,3,1,1,1,0,0,0,0,0,0,1,0,0,0,0,0,0,0
"1031",8250,70,1998,59017,107,1,1,1600,3,5,85,1080,1,1,3,1,1,1,1,0,0,0,1,1,1,0,0,1,1,0,0,1
"1032",6900,69,1998,58952,110,1,0,1600,3,5,69,1050,0,1,3,1,1,1,1,0,0,0,1,0,1,1,0,1,1,0,1,1
"1033",7500,74,1998,58454,86,1,0,1300,3,5,69,1015,0,1,3,1,1,1,0,0,0,0,1,1,1,0,0,1,1,0,0,1
"1034",7950,75,1998,58341,86,1,1,1300,4,5,69,1030,1,1,3,0,1,0,0,0,0,1,0,0,1,0,0,0,0,0,0,1
"1035",8250,80,1998,58267,110,1,0,1600,5,5,85,1070,0,1,6,1,1,0,0,0,0,0,1,1,1,1,0,0,0,1,1,0
"1036",8950,80,1998,58000,110,0,0,1600,3,5,85,1055,0,0,6,1,1,0,0,0,0,0,1,1,1,1,0,0,0,1,1,1
"1037",9750,70,1998,57829,110,0,0,1600,3,5,19,1050,0,1,3,1,1,0,1,1,0,0,1,1,1,0,1,0,0,0,0,0
"1038",8250,80,1998,57787,86,0,0,1300,3,5,69,1015,1,1,3,1,1,1,0,0,0,0,0,0,1,0,0,1,1,0,0,0
"1039",8900,78,1998,57628,110,0,0,1600,5,5,85,1075,0,1,3,0,1,0,0,0,0,0,1,1,1,0,0,0,1,0,0,0
"1040",8950,75,1998,57537,86,1,0,1300,5,5,69,1050,0,1,3,0,1,0,0,0,0,0,0,0,1,0,0,0,1,0,0,0
"1041",6750,76,1998,57263,110,1,0,1600,3,5,69,1050,0,1,3,0,1,0,0,0,0,0,0,0,1,0,0,0,1,1,0,1
"1042",7950,75,1998,57144,110,1,0,1600,5,5,85,1070,1,1,3,1,1,1,0,0,0,0,0,0,1,0,0,1,1,1,0,1
"1043",8600,69,1998,57096,86,1,0,1300,3,5,69,1025,0,1,3,1,1,1,0,0,0,0,1,1,1,0,1,1,1,1,0,1
"1044",7750,80,1998,57000,86,0,0,1300,4,5,69,1000,1,1,3,0,1,0,0,0,0,0,0,0,1,0,0,0,0,0,0,0
"1045",7800,73,1998,56566,110,1,0,1600,3,5,69,1050,0,1,3,0,1,0,1,0,0,0,1,1,1,0,0,1,1,1,0,1
"1046",8750,73,1998,56307,110,1,0,1600,3,5,69,1050,1,1,3,1,1,1,1,0,0,0,1,1,1,0,0,1,1,0,0,0
"1047",9500,79,1998,56214,86,0,0,1300,3,5,69,1015,0,0,6,1,1,0,0,0,0,0,1,1,1,0,0,0,0,0,0,0
"1048",7750,74,1998,56132,110,0,0,1600,4,5,69,1035,0,1,3,0,1,0,0,0,0,0,0,0,1,0,0,0,0,0,0,0
"1049",9950,79,1998,55425,110,0,0,1600,5,5,85,1075,1,1,3,0,1,0,1,0,0,0,1,1,1,0,0,0,1,0,0,0
"1050",7750,77,1998,54439,86,1,0,1300,3,5,69,1015,0,1,3,0,1,0,0,0,0,0,1,1,1,1,0,0,1,0,1,1
"1051",5950,69,1998,53809,110,1,0,1600,3,5,69,1050,0,1,3,1,1,1,0,0,0,0,0,0,1,0,0,1,1,0,0,0
"1052",10950,76,1998,53133,110,1,0,1600,5,5,85,1070,1,1,3,0,1,1,1,0,0,0,0,0,1,0,0,1,1,0,0,0
"1053",9450,77,1998,52900,110,1,0,1600,4,5,19,1075,0,1,3,0,1,0,0,0,0,0,0,0,1,0,0,0,0,0,0,0
"1054",8250,80,1998,52700,110,0,0,1600,3,5,69,1050,0,1,3,0,1,0,0,0,0,0,0,1,1,0,0,1,1,0,0,1
"1055",9750,69,1998,52320,110,0,0,1600,5,5,85,1070,1,1,3,1,1,1,0,0,0,0,1,1,1,0,0,0,1,0,0,1
"1056",7450,78,1998,52287,110,0,0,1600,5,5,19,1114,0,1,3,1,1,0,0,0,0,0,1,1,1,0,0,0,0,0,0,0
"1057",8750,75,1998,52000,110,0,0,1600,5,5,19,1075,0,0,6,1,0,0,1,0,0,0,1,1,1,1,0,0,0,0,1,0
"1058",8750,69,1998,52000,110,1,0,1600,3,5,69,1050,0,1,3,0,1,0,0,0,0,0,0,0,1,0,0,0,1,0,0,1
"1059",8500,73,1998,52000,110,1,1,1600,4,5,85,1065,1,1,3,0,1,0,0,0,0,0,1,1,1,0,0,0,0,0,0,1
"1060",8950,70,1998,51874,86,0,0,1300,4,5,69,1000,0,1,3,1,1,1,0,0,0,0,0,0,1,1,0,0,0,0,1,0
"1061",7500,79,1998,49827,86,1,0,1300,5,5,69,1035,0,1,3,0,1,0,0,0,0,0,1,1,1,0,0,0,1,0,0,0
"1062",7250,69,1998,49640,110,1,0,1600,4,5,69,1035,0,1,3,1,1,1,0,0,0,1,0,0,1,0,0,0,0,0,0,1
"1063",7450,80,1998,49580,110,1,0,1600,4,5,69,1035,0,1,3,1,1,1,0,0,0,0,1,1,1,0,0,0,0,0,0,0
"1064",8750,76,1998,49170,86,0,0,1300,3,5,69,1045,1,1,3,0,0,0,0,0,0,0,0,0,1,0,0,0,0,0,0,0
"1065",9800,77,1998,48838,110,0,0,1600,3,5,85,1055,0,1,3,0,1,0,0,0,0,0,1,1,1,0,1,0,1,0,0,0
"1066",7500,71,1998,48576,86,1,0,1300,3,5,69,1015,1,1,3,1,1,1,0,0,0,0,0,0,1,0,0,0,1,0,0,0
"1067",8950,75,1998,48400,110,1,0,1600,5,5,85,1075,0,1,3,1,1,1,0,0,0,0,1,1,1,0,0,0,1,1,0,0
"1068",8950,74,1998,48242,86,1,0,1300,5,5,69,1035,0,1,12,0,0,0,0,0,0,0,0,0,1,0,0,0,0,0,0,1
"1069",7450,70,1998,47955,110,1,0,1600,5,5,85,1070,0,1,6,0,1,0,0,0,0,0,0,0,1,1,0,0,0,0,1,0
"1070",8950,71,1998,47633,110,1,0,1600,5,5,85,1075,0,0,3,0,1,0,1,0,0,0,0,1,0,0,0,0,0,0,0,1
"1071",10500,78,1998,47400,86,1,0,1300,5,5,69,1040,1,1,3,0,1,0,0,0,0,0,1,1,1,1,1,0,1,0,1,1
"1072",7000,73,1998,47360,86,0,0,1300,3,5,69,1010,0,1,3,0,1,0,0,0,0,0,0,0,1,0,0,0,1,0,0,0
"1073",8500,77,1998,45507,110,1,0,1600,3,5,69,1050,0,1,3,1,1,1,1,0,0,0,1,1,1,0,0,1,1,0,0,1
"1074",7750,76,1998,45410,86,1,0,1300,5,5,69,1035,1,1,3,1,1,1,0,0,0,0,0,0,1,0,0,0,1,0,0,0
"1075",8950,70,1998,44850,110,1,0,1600,3,5,69,1050,0,1,3,1,1,1,1,0,0,1,0,0,1,0,0,1,1,0,0,0
"1076",8250,69,1998,44826,110,0,0,1600,5,5,85,1075,0,1,3,0,1,0,1,0,0,0,1,1,1,0,0,0,1,0,0,1
"1077",9250,80,1998,44444,110,1,0,1600,3,5,69,1050,1,1,3,1,1,0,1,0,0,1,1,1,1,0,1,1,1,1,0,0
"1078",7900,75,1998,43720,110,1,0,1600,5,5,85,1070,0,1,3,1,1,1,0,0,0,0,0,0,1,0,0,1,1,0,0,1
"1079",8500,78,1998,43622,86,1,0,1300,4,5,69,1000,0,1,3,0,1,0,0,0,0,0,1,0,1,0,0,0,0,0,0,0
"1080",7950,76,1998,43532,110,0,0,1600,5,5,85,1070,1,1,3,0,1,0,0,0,0,0,0,0,1,0,0,0,1,0,0,0
"1081",9950,69,1998,42800,110,1,0,1600,3,5,69,1050,1,1,3,1,1,1,0,0,0,0,0,0,1,0,0,1,1,0,0,0
"1082",8750,74,1998,42317,107,1,1,1600,5,5,85,1100,1,1,3,0,1,0,1,0,0,0,1,0,1,1,1,0,1,0,1,1
"1083",7500,80,1998,42186,110,1,0,1600,3,5,69,1050,0,1,3,1,1,0,0,0,0,0,0,0,1,0,1,0,1,0,0,1
"1084",6950,72,1998,42000,110,1,0,1600,3,5,69,1050,0,1,3,1,1,1,0,0,0,0,0,0,1,0,0,1,1,0,0,0
"1085",8950,79,1998,40093,110,0,0,1600,5,5,19,1114,0,1,6,0,0,0,0,0,0,0,1,0,1,1,0,0,0,0,1,0
"1086",8750,79,1998,39800,107,0,1,1600,3,5,85,1080,0,1,3,1,1,1,0,0,0,0,0,0,1,0,0,1,1,0,0,0
"1087",7750,73,1998,39168,86,0,0,1300,3,5,69,1015,1,1,3,1,1,1,0,0,0,0,0,0,1,0,0,1,1,0,0,0
"1088",8450,75,1998,38945,110,1,0,1600,3,5,69,1050,1,1,3,0,1,0,1,0,0,0,1,1,1,0,0,0,1,1,0,0
"1089",8150,76,1998,36537,110,0,1,1600,4,5,85,1075,0,1,3,0,0,0,0,0,0,0,0,0,0,0,0,0,0,0,0,0
"1090",8500,78,1998,36000,86,0,1,1300,3,5,69,1045,0,1,3,0,1,0,0,0,0,0,0,0,1,0,0,0,1,0,0,0
"1091",7600,78,1998,36000,110,1,0,1600,3,5,69,1050,1,1,3,0,1,0,0,0,0,0,1,1,1,0,0,0,1,1,0,0
"1092",7950,80,1998,35821,86,0,1,1300,3,5,19,1015,0,1,3,1,1,0,0,0,0,0,0,0,1,0,0,0,0,0,0,0
"1093",7750,73,1998,34717,86,0,0,1300,3,5,69,1015,0,1,6,0,1,0,0,0,0,0,0,0,1,0,0,0,0,0,0,0
"1094",7950,80,1998,34000,86,1,0,1300,4,5,69,1000,1,1,12,0,0,0,0,0,0,0,0,0,0,0,0,0,0,0,0,0
"1095",9950,78,1998,30964,110,0,1,1600,3,4,85,1080,1,1,12,0,1,0,1,0,0,0,0,0,1,0,0,0,0,0,0,1
"1096",8950,71,1998,29000,86,1,1,1300,3,5,69,1045,1,1,3,0,1,1,0,0,0,0,0,0,1,0,0,0,1,0,0,0
"1097",8450,72,1998,26000,86,0,0,1300,3,5,69,1015,0,1,3,1,1,1,0,0,0,0,0,0,1,0,0,1,1,0,0,0
"1098",8950,78,1998,24000,86,1,1,1300,5,5,85,1065,1,1,12,0,1,0,0,0,0,0,0,0,1,0,0,0,0,0,0,1
"1099",8450,80,1998,23000,86,0,0,1300,3,5,69,1015,0,1,3,1,1,1,0,0,0,0,0,0,1,0,0,1,1,1,0,0
"1100",7500,69,1998,20544,86,1,0,1300,3,5,69,1025,1,1,3,1,1,1,1,0,0,0,1,1,1,0,1,1,1,0,0,0
"1101",10845,72,1998,19000,86,0,0,1300,3,5,69,1015,0,1,3,1,1,1,0,0,0,0,0,0,1,0,0,1,1,0,0,0
"1102",8500,71,1998,17016,86,0,0,1300,3,5,69,1015,0,1,3,0,1,1,0,0,0,0,0,0,1,0,0,0,1,0,0,0
"1103",7250,70,1998,16916,86,1,0,1300,3,5,69,1015,1,1,3,0,0,0,0,0,0,0,0,0,0,0,0,0,1,0,0,0
